scenario_num,Run,truck_id,start_time,end_time,total_waiting_time,distance_travelled
4,0,49SourceSink1002757,10,243,147.96508483027233,66987.14000000001
4,0,211SourceSink1002757,55,297,158.45684458158644,66987.14000000001
4,0,391SourceSink1002757,105,319,131.27392212548568,66987.14000000001
4,0,419SourceSink1002233,115,322,134.36953563855602,59385.829999999994
4,0,383SourceSink1002233,105,337,157.02683401109346,59385.829999999994
4,0,51SourceSink1003073,10,370,242.9709206662423,93672.11000000009
4,0,273SourceSink1001953,75,395,267.0404958280737,41847.99999999999
4,0,1174SourceSink1002165,325,424,49.64985251779964,40235.03
4,0,123SourceSink1003073,30,425,278.9881767017044,93672.11000000009
4,0,805SourceSink1002757,220,427,122.79605145977196,66987.14000000001
4,0,787SourceSink1002757,215,438,139.01256807252497,66987.14000000001
4,0,823SourceSink1002757,225,448,137.30874025408914,66987.14000000001
4,0,195SourceSink1003073,50,463,296.3740066299801,93672.11000000009
4,0,159SourceSink1003073,40,468,311.67523773356737,93672.11000000009
4,0,60SourceSink1002234,15,471,353.5922637098754,83078.44999999998
4,0,1498SourceSink1002165,415,499,34.90788362886973,40235.03
4,0,995SourceSink1002233,275,500,151.72070385430695,59385.829999999994
4,0,615SourceSink1001953,170,502,279.6630506446119,41847.99999999999
4,0,1516SourceSink1002165,420,509,39.823512048461694,40235.03
4,0,79SourceSink1002393,20,514,380.6192838524886,90472.54999999994
4,0,564SourceSink1002234,155,534,275.3234110953567,83078.44999999998
4,0,223SourceSink1002393,60,539,366.5112732254724,90472.54999999994
4,0,1085SourceSink1002233,300,549,174.04165301295393,59385.829999999994
4,0,439SourceSink1002393,120,563,330.6994457035444,90472.54999999994
4,0,705SourceSink1001953,195,570,323.3772692322146,41847.99999999999
4,0,699SourceSink1003073,190,576,270.76192518378343,93672.11000000009
4,0,798SourceSink1002234,220,578,254.42526891280306,83078.44999999998
4,0,1363SourceSink1002757,375,578,118.77463275275716,66987.14000000001
4,0,248SourceSink1002774,65,583,382.07905998114813,107883.43000000001
4,0,717SourceSink1003073,195,584,273.13853495085135,93672.11000000009
4,0,708SourceSink1002234,195,621,325.1132476789246,83078.44999999998
4,0,825SourceSink1003073,225,626,284.47024388296404,93672.11000000009
4,0,933SourceSink1003073,255,629,256.95688750286183,93672.11000000009
4,0,1507SourceSink1002757,415,629,129.1230946696857,66987.14000000001
4,0,1589SourceSink1002233,440,637,124.79424785211631,59385.829999999994
4,0,1579SourceSink1002757,435,648,129.06655177696595,66987.14000000001
4,0,170SourceSink1002488,45,649,453.5259155466264,122204.34999999998
4,0,1065SourceSink1001953,295,649,299.18805528523376,41847.99999999999
4,0,691SourceSink1002393,190,681,379.85997838819026,90472.54999999994
4,0,1661SourceSink1002233,460,686,152.2384039113474,59385.829999999994
4,0,2146SourceSink1002165,595,697,52.27816086948294,40235.03
4,0,1795SourceSink1002757,495,714,135.37636435262172,66987.14000000001
4,0,2039SourceSink1002233,565,766,127.58198928687563,59385.829999999994
4,0,1040SourceSink1002774,285,775,353.4166337982867,107883.43000000001
4,0,1338SourceSink1002234,370,783,310.20449475324335,83078.44999999998
4,0,2011SourceSink1002757,555,784,144.8257239594157,66987.14000000001
4,0,297SourceSink1002510,80,788,516.9179879624746,155034.85000000033
4,0,2029SourceSink1002757,560,789,145.38850426299172,66987.14000000001
4,0,1238SourceSink1002774,340,794,319.1036336532868,107883.43000000001
4,0,279SourceSink1002510,75,801,536.6270338856846,155034.85000000033
4,0,2155SourceSink1002757,595,809,130.51429639035996,66987.14000000001
4,0,29SourceSink1002669,5,833,588.6874284782559,194298.94000000067
4,0,2263SourceSink1002757,625,841,131.47716668946597,66987.14000000001
4,0,1220SourceSink1002774,335,848,377.4781093048551,107883.43000000001
4,0,153SourceSink1002510,40,850,616.9174215713094,155034.85000000033
4,0,2758SourceSink1002165,765,858,42.84228217255329,40235.03
4,0,1292SourceSink1002774,355,861,370.1698658912916,107883.43000000001
4,0,1608SourceSink1002234,445,864,316.8449088522175,83078.44999999998
4,0,137SourceSink1002669,35,888,611.8403219342363,194298.94000000067
4,0,370SourceSink1002663,100,889,559.4546773152584,185075.8500000004
4,0,1842SourceSink1002234,510,891,278.9429618129807,83078.44999999998
4,0,495SourceSink1002510,135,892,567.2546193582155,155034.85000000033
4,0,287SourceSink1003230,75,914,692.671537985106,119571.95000000035
4,0,1995SourceSink1003073,550,920,253.8577177341116,93672.11000000009
4,0,173SourceSink1002669,45,921,637.2554958581168,194298.94000000067
4,0,1232SourceSink1002488,340,921,429.2479984971765,122204.34999999998
4,0,2497SourceSink1002757,690,922,148.15279458266423,66987.14000000001
4,0,3028SourceSink1002165,840,928,38.13093684137162,40235.03
4,0,164SourceSink1001952,45,932,714.739029088234,138091.15000000023
4,0,124SourceSink1003181,30,933,759.9675766424297,117199.9000000003
4,0,1742SourceSink1002774,480,948,331.5877432392721,107883.43000000001
4,0,2605SourceSink1002757,720,954,150.55449242609163,66987.14000000001
4,0,605SourceSink1002669,165,961,554.9245708798126,194298.94000000067
4,0,549SourceSink1002510,150,964,623.5071329056542,155034.85000000033
4,0,2091SourceSink1001953,580,966,333.4701157065335,41847.99999999999
4,0,2677SourceSink1002757,740,966,143.16656249611881,66987.14000000001
4,0,2325SourceSink1001953,645,970,273.6358118971447,41847.99999999999
4,0,2103SourceSink1003073,580,971,274.87010004016383,93672.11000000009
4,0,496SourceSink1002663,135,994,631.8976455559665,185075.8500000004
4,0,560SourceSink1001952,155,297,83.14611675648679,47399.99999999987
4,0,722SourceSink1001952,200,302,41.82573926936154,47399.99999999987
4,0,812SourceSink1001952,225,339,55.16190941258433,47399.99999999987
4,0,646SourceSink1003181,175,431,172.23860925885836,65936.55
4,0,628SourceSink1003181,170,439,184.9283042886679,65936.55
4,0,1118SourceSink1001952,310,450,79.92322731559251,47399.99999999987
4,0,718SourceSink1003181,195,473,194.0128163080256,65936.55
4,0,1370SourceSink1001952,380,515,74.84379963022403,47399.99999999987
4,0,1640SourceSink1001952,455,568,53.73675867892874,47399.99999999987
4,0,1604SourceSink1001952,445,588,82.61377621958553,47399.99999999987
4,0,1528SourceSink1003181,420,680,175.92289698923395,65936.55
4,0,85SourceSink1002757,20,681,516.5183048699612,117779.35000000053
4,0,2032SourceSink1003181,560,752,108.7873469994951,65936.55
4,0,1924SourceSink1003181,530,772,157.34681432022907,65936.55
4,0,157SourceSink1002757,40,790,603.4253239736505,117779.35000000053
4,0,2432SourceSink1001952,675,796,62.4457568561773,47399.99999999987
4,0,1960SourceSink1003181,540,813,189.98924077346828,65936.55
4,0,2504SourceSink1001952,695,833,78.23282452985916,47399.99999999987
4,0,139SourceSink1002757,35,834,652.6181183609056,117779.35000000053
4,0,681SourceSink1003073,185,843,527.1770839294041,103824.06000000032
4,0,2212SourceSink1003181,610,843,147.94334435246503,65936.55
4,0,483SourceSink1003073,130,855,596.2093358686765,103824.06000000032
4,0,2684SourceSink1001952,745,870,65.30634254243364,47399.99999999987
4,0,537SourceSink1003073,145,873,600.0656706858988,103824.06000000032
4,0,2774SourceSink1001952,770,902,72.78234393952658,47399.99999999987
4,0,2374SourceSink1003181,655,911,171.7548175652047,65936.55
4,0,50SourceSink1002774,10,930,753.8951289036205,132445.68000000043
4,0,2918SourceSink1001952,810,935,66.59421202508769,47399.99999999987
4,0,302SourceSink1002774,80,938,694.9325929455551,132445.68000000043
4,0,2752SourceSink1003181,760,949,105.32756864627656,65936.55
4,0,468SourceSink1000000,130,952,673.8272141350101,119571.95000000056
4,0,432SourceSink1000000,120,957,690.4219326201234,119571.95000000056
4,0,450SourceSink1000000,125,994,724.9931073417798,119571.95000000056
4,0,256SourceSink1002165,70,995,740.977255250709,148043.18000000046
4,0,74SourceSink1001952,20,325,197.96197159195015,84455.74999999985
4,0,341SourceSink1003230,90,379,205.64389426415102,65936.55000000003
4,0,380SourceSink1001952,105,402,189.33762500671446,84455.74999999985
4,0,470SourceSink1001952,130,424,187.27192222502447,84455.74999999985
4,0,434SourceSink1001952,120,440,213.01871756543403,84455.74999999985
4,0,755SourceSink1003230,205,474,185.92778209609514,65936.55000000003
4,0,758SourceSink1001952,210,512,194.54464788401287,84455.74999999985
4,0,614SourceSink1001952,170,515,238.10187394794644,84455.74999999985
4,0,938SourceSink1001952,260,533,166.18338897690145,84455.74999999985
4,0,776SourceSink1001952,215,554,231.20791777636504,84455.74999999985
4,0,1223SourceSink1003230,335,570,151.44703607606152,65936.55000000003
4,0,1295SourceSink1003230,355,570,131.08880643562233,65936.55000000003
4,0,1259SourceSink1003230,345,582,152.75428549493367,65936.55000000003
4,0,1082SourceSink1001952,300,614,205.81427348884063,84455.74999999985
4,0,1208SourceSink1001952,335,645,202.6730895583103,84455.74999999985
4,0,1388SourceSink1001952,385,725,231.9247075172081,84455.74999999985
4,0,1334SourceSink1001952,370,731,254.63999299275196,84455.74999999985
4,0,1889SourceSink1003230,520,788,185.05158694915258,65936.55000000003
4,0,213SourceSink1003073,55,801,621.8426246079562,101452.01000000026
4,0,1802SourceSink1001952,500,813,205.02816915005764,84455.74999999985
4,0,13SourceSink1002757,0,841,698.1529432558605,115407.30000000047
4,0,162SourceSink1000000,45,886,696.9701793298826,117199.9000000005
4,0,2375SourceSink1003230,655,907,169.599706961775,65936.55000000003
4,0,2519SourceSink1003230,695,918,138.9228176638128,65936.55000000003
4,0,2198SourceSink1001952,610,927,207.90201418953205,84455.74999999985
4,0,2306SourceSink1001952,640,977,229.10861953945118,84455.74999999985
4,0,810SourceSink1000000,225,995,627.7750778823882,117199.9000000005
4,0,14SourceSink1002774,0,434,301.03069312308315,106545.84
4,0,32SourceSink1002774,5,498,358.3888453320835,106545.84
4,0,382SourceSink1002165,105,576,319.85606125992535,122143.34000000008
4,0,630SourceSink1000000,175,579,287.83678273178634,93672.1100000001
4,0,576SourceSink1000000,160,581,305.030071720079,93672.1100000001
4,0,864SourceSink1000000,240,608,251.25886326005303,93672.1100000001
4,0,590SourceSink1002774,160,610,317.1715600377849,106545.84
4,0,418SourceSink1002165,115,614,345.77610456310185,122143.34000000008
4,0,1093SourceSink1002757,300,629,212.95278817934044,91879.5100000001
4,0,239SourceSink1002233,65,636,394.73731647773656,141294.14000000007
4,0,1147SourceSink1002757,315,646,215.96628504658412,91879.5100000001
4,0,788SourceSink1002774,215,651,299.55899761974547,106545.84
4,0,526SourceSink1002165,145,665,367.10773520073235,122143.34000000008
4,0,706SourceSink1002165,195,675,328.1918185827754,122143.34000000008
4,0,716SourceSink1002774,195,676,348.7530861632136,106545.84
4,0,1327SourceSink1002757,365,677,196.75775328035868,91879.5100000001
4,0,1471SourceSink1002757,405,706,186.63497003621274,91879.5100000001
4,0,900SourceSink1000000,250,707,338.7859668797494,93672.1100000001
4,0,1399SourceSink1002757,385,714,213.46510501396256,91879.5100000001
4,0,990SourceSink1000000,275,724,333.68996219106305,93672.1100000001
4,0,509SourceSink1002233,140,727,410.4243957309675,141294.14000000007
4,0,1188SourceSink1000000,330,737,291.7671992895823,93672.1100000001
4,0,725SourceSink1002233,200,755,378.34085331805875,141294.14000000007
4,0,70SourceSink1003181,15,759,618.4015821146137,101452.01000000027
4,0,1332SourceSink1000000,370,772,285.5025050644749,93672.1100000001
4,0,958SourceSink1002165,265,779,362.4988360096331,122143.34000000008
4,0,1368SourceSink1000000,380,810,313.7690052851636,93672.1100000001
4,0,1741SourceSink1002757,480,813,218.72801373042387,91879.5100000001
4,0,815SourceSink1002233,225,822,419.50797824208666,141294.14000000007
4,0,633SourceSink1001953,175,846,516.9899983685142,123756.31000000008
4,0,887SourceSink1002233,245,847,423.2250435259701,141294.14000000007
4,0,485SourceSink1003230,130,851,593.9235506199257,103824.06000000029
4,0,1049SourceSink1002233,290,852,384.30719009772224,141294.14000000007
4,0,290SourceSink1001952,80,858,626.0174161436108,122343.26000000018
4,0,1436SourceSink1002774,395,862,333.45480236330025,106545.84
4,0,1606SourceSink1002165,445,868,270.86966165036324,122143.34000000008
4,0,420SourceSink1002234,115,875,555.0165840160414,164986.76000000004
4,0,186SourceSink1002234,50,886,626.9407630031185,164986.76000000004
4,0,241SourceSink1002393,65,922,642.6116449519807,172380.86
4,0,596SourceSink1001952,165,927,609.5977856185651,122343.26000000018
4,0,1778SourceSink1002774,490,940,312.77866700996395,106545.84
4,0,1832SourceSink1002774,505,946,305.1797141108211,106545.84
4,0,1962SourceSink1000000,545,949,288.0150597389597,93672.1100000001
4,0,827SourceSink1003230,225,952,597.5248511909673,103824.06000000029
4,0,1660SourceSink1002165,460,952,340.1274513573211,122143.34000000008
4,0,601SourceSink1002393,165,953,573.8490556669111,172380.86
4,0,556SourceSink1003181,150,960,684.0663118290246,101452.01000000027
4,0,741SourceSink1001953,205,969,608.0339234860724,123756.31000000008
4,0,488SourceSink1001952,135,970,680.7208033635019,122343.26000000018
4,0,849SourceSink1001953,235,971,580.167209572031,123756.31000000008
4,0,989SourceSink1003230,270,984,586.7561768546936,103824.06000000029
4,0,227SourceSink1002669,60,729,553.2707912139272,89212.80000000037
4,0,119SourceSink1002669,30,763,619.9498399839886,89212.80000000037
4,0,138SourceSink1002756,35,772,635.7271413959677,77989.91000000041
4,0,407SourceSink1002669,110,949,722.0322132725464,89212.80000000037
4,0,295SourceSink1002393,80,283,115.81071636587345,69592.38
4,0,24SourceSink1002234,5,333,244.70933320248466,66967.78
4,0,403SourceSink1002393,110,335,137.5480210993331,69592.38
4,0,330SourceSink1002234,90,429,256.5355634540777,66967.78
4,0,366SourceSink1002234,100,436,252.44002063149412,66967.78
4,0,474SourceSink1002234,130,436,223.8111374418683,66967.78
4,0,333SourceSink1002510,90,481,278.8752279928707,90475.20000000035
4,0,9SourceSink1002510,0,543,430.6566713039948,90475.20000000035
4,0,1050SourceSink1002234,290,577,204.0853215967436,66967.78
4,0,18SourceSink1000000,5,585,426.6274970598005,122204.35000000005
4,0,40SourceSink1002165,10,590,438.4179388809249,112856.91999999997
4,0,220SourceSink1002165,60,591,389.6256285200645,112856.91999999997
4,0,292SourceSink1002165,80,591,371.3573177530022,112856.91999999997
4,0,5SourceSink1002233,0,606,448.75861001609377,121730.52000000003
4,0,585SourceSink1002510,160,606,334.60855571458086,90475.20000000035
4,0,76SourceSink1002165,20,616,454.19079286153715,112856.91999999997
4,0,4SourceSink1002165,0,620,477.1508953899471,112856.91999999997
4,0,1267SourceSink1002393,350,633,195.6121035912007,69592.38
4,0,65SourceSink1002669,15,639,462.077803002573,129739.29000000066
4,0,423SourceSink1002510,115,643,417.3662456584273,90475.20000000035
4,0,1429SourceSink1002393,395,657,173.66184067152767,69592.38
4,0,436SourceSink1002165,120,666,404.8562446450121,112856.91999999997
4,0,387SourceSink1002510,105,676,458.08361566159516,90475.20000000035
4,0,693SourceSink1002510,190,679,375.03612979073966,90475.20000000035
4,0,550SourceSink1002663,150,682,382.356983602942,120516.2000000004
4,0,1428SourceSink1002234,395,688,211.5015880160469,66967.78
4,0,72SourceSink1000000,20,690,518.2997699818679,122204.35000000005
4,0,426SourceSink1002756,115,729,435.1862528689197,141106.28000000067
4,0,1716SourceSink1002234,475,738,180.79947955145573,66967.78
4,0,365SourceSink1002233,100,758,505.4586143764736,121730.52000000003
4,0,648SourceSink1000000,180,768,435.18264266852486,122204.35000000005
4,0,39SourceSink1001953,10,789,632.5810483798839,116244.88999999994
4,0,756SourceSink1000000,210,800,438.23819387323243,122204.35000000005
4,0,545SourceSink1002233,150,805,501.5008871734608,121730.52000000003
4,0,658SourceSink1002663,180,813,481.2744236674179,120516.2000000004
4,0,1161SourceSink1002510,320,814,381.36158922189725,90475.20000000035
4,0,1001SourceSink1002669,275,855,419.9310822913474,129739.29000000066
4,0,1030SourceSink1002165,285,873,446.0047810428364,112856.91999999997
4,0,894SourceSink1002756,245,878,456.35772175232984,141106.28000000067
4,0,219SourceSink1001953,60,882,678.2553279920304,116244.88999999994
4,0,1066SourceSink1002165,295,889,453.1761213097171,112856.91999999997
4,0,2401SourceSink1002393,665,896,143.5740036860973,69592.38
4,0,111SourceSink1001953,30,903,720.884805861103,116244.88999999994
4,0,499SourceSink1002757,135,908,550.8144679226122,177427.69000000006
4,0,1377SourceSink1002510,380,908,414.4401548320534,90475.20000000035
4,0,1247SourceSink1002233,345,910,409.13076729018627,121730.52000000003
4,0,1485SourceSink1002510,410,918,394.712314617628,90475.20000000035
4,0,1503SourceSink1002510,415,918,391.6102886002633,90475.20000000035
4,0,1462SourceSink1002165,405,920,373.1900113791459,112856.91999999997
4,0,1109SourceSink1002669,305,928,462.6629802804522,129739.29000000066
4,0,1127SourceSink1002669,310,928,456.31614542272337,129739.29000000066
4,0,2455SourceSink1002393,680,939,172.22645762834253,69592.38
4,0,1252SourceSink1002663,345,954,458.40614599070636,120516.2000000004
4,0,589SourceSink1002757,160,967,583.9421673916614,177427.69000000006
4,0,1224SourceSink1000000,340,973,481.1938039004772,122204.35000000005
4,0,1264SourceSink1002165,350,974,482.9162041449261,112856.91999999997
4,0,1678SourceSink1002165,465,975,369.7968458381958,112856.91999999997
4,0,1234SourceSink1002663,340,980,492.39476478137135,120516.2000000004
4,0,2526SourceSink1002234,700,983,200.10370233406834,66967.78
4,0,1468SourceSink1002663,405,996,440.69300075718127,120516.2000000004
4,0,11SourceSink1002669,0,326,221.8641674635974,82654.29000000036
4,0,10SourceSink1002663,0,359,265.2912325839219,73431.20000000008
4,0,372SourceSink1002756,100,466,247.9701506458018,94021.28000000038
4,0,804SourceSink1002756,220,535,195.0355208703745,94021.28000000038
4,0,368SourceSink1002488,100,544,330.87112273548354,90475.2000000003
4,0,713SourceSink1002669,195,548,248.3921850013915,82654.29000000036
4,0,929SourceSink1002669,255,551,191.47083906447608,82654.29000000036
4,0,296SourceSink1002488,80,552,357.7134353578149,90475.2000000003
4,0,766SourceSink1002663,210,556,252.57771675792108,73431.20000000008
4,0,1037SourceSink1002669,285,600,210.5723151620487,82654.29000000036
4,0,966SourceSink1002756,265,610,225.28519648023985,94021.28000000038
4,0,1074SourceSink1002756,295,616,201.6311631706229,94021.28000000038
4,0,1055SourceSink1002669,290,628,233.01384668309166,82654.29000000036
4,0,1218SourceSink1002756,335,639,184.10988529488338,94021.28000000038
4,0,1092SourceSink1002756,300,641,221.03745753762558,94021.28000000038
4,0,1289SourceSink1002669,355,660,201.66120560323222,82654.29000000036
4,0,1164SourceSink1002756,320,676,236.7107541082624,94021.28000000038
4,0,1343SourceSink1002669,370,708,233.81131599202976,82654.29000000036
4,0,906SourceSink1002234,250,720,347.41298001112267,99798.28000000035
4,0,1270SourceSink1002663,350,733,289.7101849360856,73431.20000000008
4,0,1668SourceSink1002756,460,763,183.69472555135644,94021.28000000038
4,0,1212SourceSink1002234,335,777,319.1430810418655,99798.28000000035
4,0,1375SourceSink1002393,380,780,271.41491160966234,102422.88000000032
4,0,1248SourceSink1002234,345,781,312.46093922626665,99798.28000000035
4,0,1339SourceSink1002393,370,792,292.3292824868055,102422.88000000032
4,0,1302SourceSink1002234,360,809,327.4875247558826,99798.28000000035
4,0,1792SourceSink1002663,495,813,225.4714487253499,73431.20000000008
4,0,1573SourceSink1002393,435,814,251.19135356425596,102422.88000000032
4,0,1303SourceSink1002393,360,817,331.3456466945502,102422.88000000032
4,0,1740SourceSink1002756,480,817,218.21286020136597,94021.28000000038
4,0,1250SourceSink1002488,345,818,360.9697703233292,90475.2000000003
4,0,59SourceSink1002233,15,823,612.5255688057955,154561.0200000003
4,0,23SourceSink1002233,5,825,626.3796591908505,154561.0200000003
4,0,148SourceSink1002165,40,826,604.9496616163987,145687.42000000025
4,0,1483SourceSink1002393,410,829,290.83729881258137,102422.88000000032
4,0,1320SourceSink1002234,365,830,344.4484824258435,99798.28000000035
4,0,41SourceSink1002233,10,832,631.4774937263976,154561.0200000003
4,0,2009SourceSink1002669,555,837,178.115638496057,82654.29000000036
4,0,270SourceSink1000000,75,842,577.6512926171723,155034.85000000033
4,0,1864SourceSink1002663,515,846,239.15251269186135,73431.20000000008
4,0,328SourceSink1002165,90,854,583.8642912453606,145687.42000000025
4,0,508SourceSink1002165,140,856,536.0791687446551,145687.42000000025
4,0,1392SourceSink1002234,385,863,354.94529343165163,99798.28000000035
4,0,1902SourceSink1002756,525,879,234.43497528520555,94021.28000000038
4,0,1774SourceSink1002663,490,885,301.61664175529893,73431.20000000008
4,0,2135SourceSink1002669,590,886,191.99280185638622,82654.29000000036
4,0,1286SourceSink1002488,355,893,425.29962897209947,90475.2000000003
4,0,2226SourceSink1002756,615,921,186.16596181468265,94021.28000000038
4,0,73SourceSink1001109,20,924,755.8161368238245,116333.49000000072
4,0,343SourceSink1001109,95,933,689.5871935989177,116333.49000000072
4,0,1806SourceSink1002234,500,936,312.42984115851834,99798.28000000035
4,0,2262SourceSink1002756,625,949,204.44025696272527,94021.28000000038
4,0,2440SourceSink1002663,675,963,194.65835379799796,73431.20000000008
4,0,2042SourceSink1002488,565,967,288.10368318948105,90475.2000000003
4,0,2423SourceSink1002669,670,989,213.22012994776168,82654.29000000036
4,0,2442SourceSink1002756,675,990,195.6853386695202,94021.28000000038
4,0,1048SourceSink1002165,290,992,517.2811897314904,145687.42000000025
4,0,0SourceSink1000000,0,234,159.66233322475878,59385.83
4,0,126SourceSink1000000,35,250,141.9425415180883,59385.83
4,0,490SourceSink1002165,135,316,116.80631552300146,50038.400000000016
4,0,306SourceSink1000000,85,329,168.31601784876733,59385.83
4,0,472SourceSink1002165,130,332,137.18956234974004,50038.400000000016
4,0,652SourceSink1002165,180,351,105.4609152660536,50038.400000000016
4,0,486SourceSink1000000,135,357,147.76102488336863,59385.83
4,0,634SourceSink1002165,175,363,124.5561576063588,50038.400000000016
4,0,31SourceSink1002757,5,427,277.86410996968465,114609.17000000004
4,0,868SourceSink1002165,240,446,141.78691094690436,50038.400000000016
4,0,774SourceSink1000000,215,454,166.2568099009548,59385.83
4,0,175SourceSink1002757,45,487,297.9123245065215,114609.17000000004
4,0,337SourceSink1002757,90,530,294.96340846893145,114609.17000000004
4,0,492SourceSink1002234,135,530,291.70366941190196,82604.61999999995
4,0,312SourceSink1002234,85,533,342.9208485040705,82604.61999999995
4,0,1170SourceSink1000000,325,546,146.7277282993222,59385.83
4,0,1354SourceSink1002165,375,572,133.27300776199743,50038.400000000016
4,0,1242SourceSink1000000,345,575,154.19686164882103,59385.83
4,0,607SourceSink1002757,165,602,290.5789522201207,114609.17000000004
4,0,661SourceSink1002757,180,608,284.63578909564194,114609.17000000004
4,0,277SourceSink1002393,75,615,428.5164952078257,89998.71999999991
4,0,769SourceSink1002757,210,657,303.57153333947525,114609.17000000004
4,0,1732SourceSink1002165,480,672,129.39750432871324,50038.400000000016
4,0,1638SourceSink1000000,455,683,153.75989510511405,59385.83
4,0,1710SourceSink1000000,475,706,158.6205194800246,59385.83
4,0,393SourceSink1003073,105,709,427.42898970594507,141294.1400000001
4,0,853SourceSink1002393,235,722,372.91755492990984,89998.71999999991
4,0,1890SourceSink1000000,525,725,125.45851734253793,59385.83
4,0,1165SourceSink1002757,320,733,269.32271784274667,114609.17000000004
4,0,763SourceSink1002393,210,744,421.9388841619655,89998.71999999991
4,0,266SourceSink1002774,70,746,479.6796781054492,155505.46000000002
4,0,188SourceSink1002488,50,748,544.9720419078399,121730.51999999995
4,0,1194SourceSink1002234,330,767,333.6584242539657,82604.61999999995
4,0,2110SourceSink1002165,585,789,140.23483725304493,50038.400000000016
4,0,1249SourceSink1002393,345,792,332.55251486389477,89998.71999999991
4,0,1381SourceSink1002757,380,794,271.1101429825472,114609.17000000004
4,0,1141SourceSink1002393,315,799,370.0171408587091,89998.71999999991
4,0,1410SourceSink1002234,390,820,324.2265762386734,82604.61999999995
4,0,1155SourceSink1001953,320,834,444.6723247759279,53426.36999999999
4,0,735SourceSink1003073,200,836,458.7348820337745,141294.1400000001
4,0,2308SourceSink1002165,640,848,143.20187696783867,50038.400000000016
4,0,2250SourceSink1000000,625,849,149.97281217275045,59385.83
4,0,1543SourceSink1002757,425,864,294.3062615660703,114609.17000000004
4,0,872SourceSink1002488,240,869,476.29470632998925,121730.51999999995
4,0,1770SourceSink1002234,490,869,273.7574086507403,82604.61999999995
4,0,1095SourceSink1003073,300,902,427.3855565740717,141294.1400000001
4,0,245SourceSink1002669,65,903,596.5551152730189,193825.1100000007
4,0,1131SourceSink1003073,310,927,440.4851086964941,141294.1400000001
4,0,1885SourceSink1002757,520,939,274.0445324579517,114609.17000000004
4,0,1731SourceSink1001953,480,942,393.29656011592834,53426.36999999999
4,0,120SourceSink1002756,30,945,657.0793764783554,205192.1000000007
4,0,477SourceSink1002510,130,948,622.037525961882,154561.02000000037
4,0,1939SourceSink1002757,535,949,267.8171345547934,114609.17000000004
4,0,82SourceSink1002663,20,952,701.3559185694461,184602.02000000046
4,0,34SourceSink1003181,5,965,754.0513269196732,164821.9300000003
4,0,1365SourceSink1003073,375,973,422.09680801633056,141294.1400000001
4,0,2866SourceSink1002165,795,989,132.03915339549795,50038.400000000016
4,0,1821SourceSink1001953,505,996,423.6275160156835,53426.36999999999
4,0,331SourceSink1002393,90,277,144.6561975615625,35235.97999999998
4,0,835SourceSink1002393,230,388,115.78542767257807,35235.97999999998
4,0,108SourceSink1000000,30,412,279.7522318775791,83078.45000000001
4,0,871SourceSink1002393,240,415,133.306321789775,35235.97999999998
4,0,404SourceSink1002488,110,454,263.02897984995184,66967.78000000003
4,0,1069SourceSink1002393,295,459,120.9987929759751,35235.97999999998
4,0,77SourceSink1002233,20,467,343.5125908826494,82604.62
4,0,113SourceSink1002233,30,468,333.9274265372811,82604.62
4,0,728SourceSink1002488,200,491,208.84113932458436,66967.78000000003
4,0,346SourceSink1002165,95,493,306.674390925255,73731.01999999999
4,0,347SourceSink1002233,95,507,305.0410277497989,82604.62
4,0,221SourceSink1002233,60,520,358.7070875715945,82604.62
4,0,584SourceSink1002488,160,536,293.5287747817166,66967.78000000003
4,0,12SourceSink1002756,0,539,352.91339170210557,150429.36000000068
4,0,742SourceSink1002165,205,544,245.3898235457646,73731.01999999999
4,0,666SourceSink1000000,185,578,291.77132584359185,83078.45000000001
4,0,675SourceSink1002510,185,588,281.07685741887644,99798.28000000039
4,0,1088SourceSink1002488,300,611,227.58068293428082,66967.78000000003
4,0,405SourceSink1002510,110,643,412.65854131762495,99798.28000000039
4,0,1026SourceSink1000000,285,644,259.2128051706491,83078.45000000001
4,0,1771SourceSink1002393,490,652,119.32106542233309,35235.97999999998
4,0,1843SourceSink1002393,510,665,113.65462249316089,35235.97999999998
4,0,226SourceSink1002663,60,669,447.8073470349402,129839.28000000046
4,0,193SourceSink1002757,50,672,449.2231550752611,138301.78999999995
4,0,319SourceSink1002757,85,677,419.4643520494383,138301.78999999995
4,0,316SourceSink1002663,85,693,448.8846923309231,129839.28000000046
4,0,265SourceSink1002757,70,707,462.7115788108126,138301.78999999995
4,0,1314SourceSink1000000,365,714,246.90104165500262,83078.45000000001
4,0,327SourceSink1001953,90,715,527.7774903649552,77118.98999999996
4,0,334SourceSink1002663,90,732,484.2775458759478,129839.28000000046
4,0,535SourceSink1002757,145,734,415.24560833558616,138301.78999999995
4,0,1336SourceSink1002165,370,737,274.73989429893976,73731.01999999999
4,0,2095SourceSink1002393,580,742,117.7270081316272,35235.97999999998
4,0,1228SourceSink1002165,340,746,312.4835350831873,73731.01999999999
4,0,2149SourceSink1002393,595,746,107.56864808962641,35235.97999999998
4,0,679SourceSink1002757,185,750,391.62053109286404,138301.78999999995
4,0,1157SourceSink1002233,320,750,325.9822694944441,82604.62
4,0,1260SourceSink1000000,350,756,304.9992096664968,83078.45000000001
4,0,1646SourceSink1002488,455,759,222.3671813371254,66967.78000000003
4,0,1444SourceSink1002165,400,760,267.57451278935105,73731.01999999999
4,0,481SourceSink1002757,130,771,467.70325642700953,138301.78999999995
4,0,696SourceSink1002756,190,775,399.50903364332373,150429.36000000068
4,0,1736SourceSink1002488,480,778,215.9137774792471,66967.78000000003
4,0,1750SourceSink1002165,485,804,225.9717580430264,73731.01999999999
4,0,1808SourceSink1002488,500,817,234.3143276307265,66967.78000000003
4,0,858SourceSink1002756,235,831,409.89530280728314,150429.36000000068
4,0,822SourceSink1002756,225,832,422.0245634419858,150429.36000000068
4,0,867SourceSink1001953,240,832,493.9161524321469,77118.98999999996
4,0,985SourceSink1002757,270,839,398.6556224215683,138301.78999999995
4,0,1029SourceSink1001953,285,847,465.6135204669884,77118.98999999996
4,0,964SourceSink1002663,265,848,422.7234622495792,129839.28000000046
4,0,411SourceSink1003073,110,850,532.8838778196572,164986.76000000004
4,0,876SourceSink1002756,240,852,428.1305864465584,150429.36000000068
4,0,1091SourceSink1002669,300,863,392.30418227202347,139062.3700000006
4,0,949SourceSink1002757,260,874,441.0997846706871,138301.78999999995
4,0,2186SourceSink1002488,605,879,191.31363628843823,66967.78000000003
4,0,1818SourceSink1000000,505,880,270.2274146644691,83078.45000000001
4,0,1047SourceSink1001953,290,886,496.7248196755368,77118.98999999996
4,0,1199SourceSink1002669,330,892,391.60551134019994,139062.3700000006
4,0,1083SourceSink1001953,300,898,501.4974618942367,77118.98999999996
4,0,1163SourceSink1002669,320,917,425.451874243143,139062.3700000006
4,0,1692SourceSink1000000,470,918,345.7991856912551,83078.45000000001
4,0,1876SourceSink1002165,520,955,342.17356691412306,73731.01999999999
4,0,1371SourceSink1001953,380,962,482.97123851136644,77118.98999999996
4,0,1281SourceSink1001953,355,966,510.93595740648817,77118.98999999996
4,0,2905SourceSink1002393,805,982,134.6755010829814,35235.97999999998
4,0,150SourceSink1002234,40,201,119.70079213552982,35235.97999999999
4,0,204SourceSink1002234,55,223,124.93806313652047,35235.97999999999
4,0,276SourceSink1002234,75,254,135.06385047656875,35235.97999999999
4,0,260SourceSink1002488,70,276,117.71807747526117,69592.38000000005
4,0,98SourceSink1002488,25,308,193.75814425754615,69592.38000000005
4,0,112SourceSink1002165,30,422,292.1356310821596,81125.11999999994
4,0,22SourceSink1002165,5,452,346.02007606081816,81125.11999999994
4,0,99SourceSink1002510,25,458,304.52849027220446,102422.88000000034
4,0,1158SourceSink1002234,320,465,101.56987366059514,35235.97999999999
4,0,818SourceSink1002488,225,483,169.46108694613872,69592.38000000005
4,0,189SourceSink1002510,50,486,307.38576096069994,102422.88000000034
4,0,324SourceSink1000000,90,538,337.42507579062436,90472.55000000002
4,0,48SourceSink1002756,10,582,382.59269146338784,153053.96000000063
4,0,562SourceSink1002165,155,584,326.6180778582294,81125.11999999994
4,0,1340SourceSink1002488,370,589,132.00366098595967,69592.38000000005
4,0,414SourceSink1000000,115,590,363.78703112769006,90472.55000000002
4,0,329SourceSink1002233,90,594,392.49085194833316,89998.72
4,0,210SourceSink1002756,55,597,350.4955476903913,153053.96000000063
4,0,190SourceSink1002663,50,599,385.55838973042023,132463.8800000004
4,0,747SourceSink1002510,205,609,276.22666077181486,102422.88000000034
4,0,616SourceSink1002165,170,626,353.0990742560705,81125.11999999994
4,0,389SourceSink1002669,105,636,355.4916968320564,141686.9700000006
4,0,388SourceSink1002663,105,641,370.74800852099474,132463.8800000004
4,0,904SourceSink1002165,250,645,294.0487154528249,81125.11999999994
4,0,612SourceSink1000000,170,647,364.47333009132666,90472.55000000002
4,0,749SourceSink1002669,205,660,276.8343437404017,141686.9700000006
4,0,498SourceSink1002756,135,665,336.9186452305364,153053.96000000063
4,0,1089SourceSink1002510,300,668,240.49275923888928,102422.88000000034
4,0,401SourceSink1002233,110,669,444.8758632950281,89998.72
4,0,514SourceSink1002663,140,678,371.4113924057396,132463.8800000004
4,0,922SourceSink1002165,255,683,324.76055059532143,81125.11999999994
4,0,702SourceSink1000000,195,685,379.9480387122229,90472.55000000002
4,0,408SourceSink1002756,110,690,390.220591748457,153053.96000000063
4,0,1968SourceSink1002234,545,695,107.13121964914878,35235.97999999999
4,0,1448SourceSink1002488,400,696,207.73085822898798,69592.38000000005
4,0,1125SourceSink1002510,310,698,261.6365646050531,102422.88000000034
4,0,1896SourceSink1002234,525,699,131.16638620697034,35235.97999999999
4,0,1538SourceSink1002488,425,707,193.984845282946,69592.38000000005
4,0,581SourceSink1002233,160,708,435.01231197531337,89998.72
4,0,532SourceSink1002663,145,709,399.5905550051516,132463.8800000004
4,0,653SourceSink1002233,180,712,416.7846091924541,89998.72
4,0,2022SourceSink1002234,560,721,118.91401410452522,35235.97999999999
4,0,972SourceSink1000000,270,726,345.3783517911704,90472.55000000002
4,0,743SourceSink1002233,205,739,419.84419324207727,89998.72
4,0,201SourceSink1001953,55,753,592.31293942203,84513.08999999991
4,0,732SourceSink1002756,200,755,363.57261911728153,153053.96000000063
4,0,571SourceSink1002757,155,763,426.9088843288092,145695.89000000004
4,0,1341SourceSink1002510,370,767,270.0226697919183,102422.88000000034
4,0,147SourceSink1001953,40,770,623.6322881350451,84513.08999999991
4,0,1080SourceSink1000000,300,772,359.6186256471705,90472.55000000002
4,0,1038SourceSink1002756,285,780,305.14486543576743,153053.96000000063
4,0,453SourceSink1001953,125,786,555.5325827142302,84513.08999999991
4,0,1067SourceSink1002233,295,786,376.87509471279105,89998.72
4,0,1013SourceSink1002233,280,796,402.4715645699496,89998.72
4,0,892SourceSink1002663,245,804,392.53052090393425,132463.8800000004
4,0,2328SourceSink1002234,645,805,116.57348239797669,35235.97999999999
4,0,1000SourceSink1002663,275,812,371.0722401080906,132463.8800000004
4,0,1134SourceSink1000000,315,820,392.73810777470277,90472.55000000002
4,0,982SourceSink1002663,270,831,394.8527596476707,132463.8800000004
4,0,1575SourceSink1002510,435,837,272.7945319917365,102422.88000000034
4,0,1002SourceSink1002756,275,846,379.0130536219977,153053.96000000063
4,0,2330SourceSink1002488,645,864,131.08443863007403,69592.38000000005
4,0,859SourceSink1002757,235,866,449.815704895835,145695.89000000004
4,0,1175SourceSink1002233,325,869,431.4102995801103,89998.72
4,0,723SourceSink1001953,200,875,566.4071904742577,84513.08999999991
4,0,1236SourceSink1002756,340,888,355.22762937422124,153053.96000000063
4,0,1827SourceSink1002510,505,919,284.4199763645057,102422.88000000034
4,0,841SourceSink1002757,230,931,518.1282010048293,145695.89000000004
4,0,2814SourceSink1002234,780,937,114.53102710769726,35235.97999999999
4,0,1786SourceSink1002165,495,939,341.9075776572919,81125.11999999994
4,0,303SourceSink1003073,80,942,645.9754760908746,172380.86000000004
4,0,1432SourceSink1002663,395,945,384.65259579422974,132463.8800000004
4,0,1696SourceSink1002165,470,945,374.72191074843147,81125.11999999994
4,0,1111SourceSink1002757,305,948,461.3296966725678,145695.89000000004
4,0,1488SourceSink1002756,410,957,356.3025750398072,153053.96000000063
4,0,1648SourceSink1002663,455,958,336.1371153351735,132463.8800000004
4,0,2043SourceSink1002510,565,989,294.79394872311224,102422.88000000034
4,0,1722SourceSink1002756,475,990,322.098554996732,153053.96000000063
4,0,158SourceSink1002774,40,993,720.2629052618837,186592.18
4,0,87SourceSink1003073,20,463,309.1381266125304,106545.83999999998
4,0,229SourceSink1002757,60,495,303.2044270461884,106090.82999999999
4,0,36SourceSink1000000,10,503,360.2150965791254,107883.43000000002
4,0,355SourceSink1002757,95,526,296.75914774379254,106090.82999999999
4,0,751SourceSink1002757,205,586,249.26788435481362,106090.82999999999
4,0,627SourceSink1003073,170,590,283.5635706813129,106545.83999999998
4,0,202SourceSink1002165,55,621,395.4586058095554,136354.66000000006
4,0,1201SourceSink1002757,330,739,273.78671055494164,106090.82999999999
4,0,95SourceSink1002233,25,756,534.6975874623186,155505.46
4,0,580SourceSink1002165,160,785,454.8387412553327,136354.66000000006
4,0,814SourceSink1002165,225,786,390.96617624078664,136354.66000000006
4,0,1206SourceSink1000000,335,798,327.9928758096088,107883.43000000002
4,0,1257SourceSink1003073,345,802,321.977269983508,106545.83999999998
4,0,850SourceSink1002165,235,819,413.4930486948576,136354.66000000006
4,0,1401SourceSink1003073,385,819,301.21221122341683,106545.83999999998
4,0,1435SourceSink1002757,395,826,297.0994794770928,106090.82999999999
4,0,1296SourceSink1000000,360,851,355.22571028801565,107883.43000000002
4,0,617SourceSink1002233,170,853,488.699971351143,155505.46
4,0,1102SourceSink1002165,305,865,388.7267274988969,136354.66000000006
4,0,1581SourceSink1003073,435,879,308.11294883035964,106545.83999999998
4,0,671SourceSink1002233,185,883,499.7397562528555,155505.46
4,0,237SourceSink1001953,65,884,648.1287413222134,137967.63000000003
4,0,168SourceSink1002234,45,899,628.6834908288508,179198.07999999993
4,0,1494SourceSink1000000,415,903,351.71572184307354,107883.43000000002
4,0,38SourceSink1001952,10,905,707.2143311128773,150964.88000000015
4,0,7SourceSink1002393,0,921,688.2954295550558,186592.17999999988
4,0,132SourceSink1002234,35,921,661.3138337884337,179198.07999999993
4,0,255SourceSink1001953,70,927,680.9314762755307,137967.63000000003
4,0,326SourceSink1001952,90,938,659.4667307036326,150964.88000000015
4,0,57SourceSink1001953,15,939,749.5429942821095,137967.63000000003
4,0,489SourceSink1001953,135,940,633.4080905681326,137967.63000000003
4,0,1674SourceSink1000000,465,941,338.2048341369674,107883.43000000002
4,0,1548SourceSink1000000,430,947,381.710966358719,107883.43000000002
4,0,1993SourceSink1002757,550,959,273.8258962630009,106090.82999999999
4,0,438SourceSink1002234,120,964,620.7481044063964,179198.07999999993
4,0,236SourceSink1001952,65,970,716.8527225900953,150964.88000000015
4,0,2119SourceSink1002757,585,977,256.21155997032037,106090.82999999999
4,0,1728SourceSink1000000,480,997,382.3890858697059,107883.43000000002
4,0,63SourceSink1002510,15,299,179.92746229503268,82654.29000000034
4,0,244SourceSink1002663,65,372,185.59549809023142,95906.09000000023
4,0,117SourceSink1002510,30,382,247.39489532084892,82654.29000000034
4,0,172SourceSink1002663,45,420,252.87790674870834,95906.09000000023
4,0,262SourceSink1002663,70,445,254.47385769175153,95906.09000000023
4,0,478SourceSink1002663,130,497,245.48967455814784,95906.09000000023
4,0,424SourceSink1002663,115,529,294.83096929456735,95906.09000000023
4,0,640SourceSink1002663,175,538,241.99555505107756,95906.09000000023
4,0,1308SourceSink1002756,360,540,94.90201423809526,66900.59000000001
4,0,838SourceSink1002663,230,562,213.18365324168516,95906.09000000023
4,0,169SourceSink1002393,45,569,349.83540929883145,141686.97000000055
4,0,8SourceSink1002488,0,578,419.4820211636329,129739.29000000053
4,0,80SourceSink1002488,20,579,397.0980306864343,129739.29000000053
4,0,946SourceSink1002663,260,607,226.5871664806706,95906.09000000023
4,0,44SourceSink1002488,10,615,443.44947428889157,129739.29000000053
4,0,529SourceSink1002393,145,618,296.45168147395026,141686.97000000055
4,0,1197SourceSink1002510,330,630,196.5584980873235,82654.29000000034
4,0,547SourceSink1002393,150,633,309.1183664100406,141686.97000000055
4,0,224SourceSink1002488,60,656,434.852073701531,129739.29000000053
4,0,1305SourceSink1002510,360,668,203.4311955382958,82654.29000000034
4,0,546SourceSink1002234,150,672,349.1035838735925,139062.37000000058
4,0,386SourceSink1002488,105,683,414.350949279353,129739.29000000053
4,0,1629SourceSink1002510,450,725,168.12867375624194,82654.29000000034
4,0,2082SourceSink1002756,575,727,68.32434125062689,66900.59000000001
4,0,762SourceSink1002234,210,734,353.577093044185,139062.37000000058
4,0,1395SourceSink1002510,385,753,263.71490882194274,82654.29000000034
4,0,476SourceSink1002488,130,765,473.6744768568142,129739.29000000053
4,0,94SourceSink1002165,25,769,515.2055371137321,184951.51000000053
4,0,600SourceSink1002234,165,783,448.30932038334987,139062.37000000058
4,0,817SourceSink1002393,225,785,382.57334900297633,141686.97000000055
4,0,997SourceSink1002393,275,802,350.1951164968614,141686.97000000055
4,0,1522SourceSink1002663,420,810,267.9644063212182,95906.09000000023
4,0,800SourceSink1002488,220,830,448.87985275859813,129739.29000000053
4,0,1881SourceSink1002510,520,840,214.2222180705861,82654.29000000034
4,0,926SourceSink1002488,255,846,427.6878882409102,129739.29000000053
4,0,1900SourceSink1002663,525,877,230.46533000555127,95906.09000000023
4,0,2007SourceSink1002510,555,882,222.59356082899248,82654.29000000034
4,0,2658SourceSink1002756,735,894,73.96813015390936,66900.59000000001
4,0,180SourceSink1000000,50,901,612.1159623276974,194298.9400000006
4,0,667SourceSink1001109,185,911,615.7253970907693,89212.80000000042
4,0,131SourceSink1002233,35,915,639.4632395715688,193825.1100000006
4,0,721SourceSink1001109,200,920,606.624456107837,89212.80000000042
4,0,1268SourceSink1002488,350,961,450.88656995906763,129739.29000000053
4,0,1376SourceSink1002488,380,973,431.91920322842634,129739.29000000053
4,0,2098SourceSink1002663,580,994,292.7199236731223,95906.09000000023
4,0,2547SourceSink1002510,705,998,189.00838664165747,82654.29000000034
4,0,81SourceSink1002510,20,348,235.00199950167024,73431.20000000007
4,0,84SourceSink1002756,20,390,233.79725200490358,107273.08000000034
4,0,207SourceSink1002510,55,390,242.29392582888272,73431.20000000007
4,0,246SourceSink1002756,65,449,249.42403822256443,107273.08000000034
4,0,353SourceSink1002669,95,451,236.0863912630533,95906.09000000035
4,0,513SourceSink1002510,140,460,226.01193001424124,73431.20000000007
4,0,318SourceSink1002756,85,484,263.4109603336709,107273.08000000034
4,0,588SourceSink1002756,160,526,231.25773853940024,107273.08000000034
4,0,569SourceSink1002669,155,534,257.6753522714288,95906.09000000035
4,0,516SourceSink1002756,140,539,263.2243360246799,107273.08000000034
4,0,259SourceSink1002393,70,637,401.8642344957669,132463.8800000005
4,0,1107SourceSink1002510,305,644,246.63548188337248,73431.20000000007
4,0,637SourceSink1002393,175,662,321.4986279030262,132463.8800000005
4,0,984SourceSink1002756,270,683,276.8170773358017,107273.08000000034
4,0,1110SourceSink1002756,305,687,246.35759821664755,107273.08000000034
4,0,619SourceSink1002393,170,694,360.4343760833731,132463.8800000005
4,0,1577SourceSink1002669,435,805,249.86903540342257,95906.09000000035
4,0,834SourceSink1002234,230,815,425.3688918967819,129839.28000000052
4,0,656SourceSink1002488,180,828,500.68675099710896,120516.20000000048
4,0,1649SourceSink1002669,455,848,272.27436709284484,95906.09000000035
4,0,1704SourceSink1002756,470,861,255.75728402126745,107273.08000000034
4,0,90SourceSink1000000,25,872,619.6863145044141,185075.85000000044
4,0,342SourceSink1000000,95,911,587.6444440943917,185075.85000000044
4,0,144SourceSink1000000,40,919,650.0527442551752,185075.85000000044
4,0,1829SourceSink1002669,505,926,299.7422027871966,95906.09000000035
4,0,1321SourceSink1002393,365,927,396.80553135593567,132463.8800000005
4,0,1086SourceSink1002234,300,933,474.05951292826063,129839.28000000052
4,0,1176SourceSink1002234,325,942,456.3291602317945,129839.28000000052
4,0,1196SourceSink1002488,330,947,466.8543847002744,120516.20000000048
4,0,54SourceSink1000000,15,966,721.5462705365298,185075.85000000044
4,0,166SourceSink1002165,45,967,701.83320655504,175728.42000000036
4,0,2136SourceSink1002756,590,976,248.53068377994524,107273.08000000034
4,0,1645SourceSink1002393,455,978,356.4170560179055,132463.8800000005
4,0,1284SourceSink1002234,355,984,468.91468717155044,129839.28000000052
4,0,2367SourceSink1002510,655,990,241.73330012496314,73431.20000000007
4,0,234SourceSink1000000,65,297,147.7489866927499,66987.14000000003
4,0,198SourceSink1000000,55,298,158.27746470208817,66987.14000000003
4,0,141SourceSink1003073,35,328,176.4178465714962,91879.51000000011
4,0,360SourceSink1000000,100,328,144.44414225252555,66987.14000000003
4,0,274SourceSink1002165,75,361,167.7939281513627,95458.37000000002
4,0,375SourceSink1003073,100,420,204.4449511091624,91879.51000000011
4,0,400SourceSink1002165,110,430,199.46145689494588,95458.37000000002
4,0,846SourceSink1000000,235,451,133.0740016950342,66987.14000000003
4,0,230SourceSink1002774,60,468,275.6943045551737,106090.83000000002
4,0,879SourceSink1003073,240,521,166.6687338992477,91879.51000000011
4,0,807SourceSink1003073,220,523,186.94571876608757,91879.51000000011
4,0,1044SourceSink1000000,290,524,150.73504003532227,66987.14000000003
4,0,976SourceSink1002165,270,564,176.08916771948032,95458.37000000002
4,0,626SourceSink1002774,170,570,265.05717976390775,106090.83000000002
4,0,969SourceSink1003073,265,582,201.02003053659226,91879.51000000011
4,0,1077SourceSink1003073,295,596,185.1513841087245,91879.51000000011
4,0,1404SourceSink1000000,390,599,125.11005834376388,66987.14000000003
4,0,1023SourceSink1003073,280,605,209.33651584474396,91879.51000000011
4,0,1167SourceSink1003073,320,612,175.89431477189294,91879.51000000011
4,0,770SourceSink1002774,210,615,269.0486432664137,106090.83000000002
4,0,1156SourceSink1002165,320,616,176.03169676196777,95458.37000000002
4,0,381SourceSink1001953,105,618,388.0936942010953,97071.34000000003
4,0,1440SourceSink1000000,400,633,149.72198201146063,66987.14000000003
4,0,1192SourceSink1002165,330,636,188.10879234230825,95458.37000000002
4,0,1185SourceSink1003073,325,638,197.09522031282202,91879.51000000011
4,0,833SourceSink1002233,230,645,270.9854734420218,114609.17000000001
4,0,165SourceSink1001953,45,654,487.1766964387515,97071.34000000003
4,0,205SourceSink1002393,55,670,433.2799280523894,145695.88999999993
4,0,78SourceSink1002234,20,674,480.8082638995028,138301.78999999995
4,0,1480SourceSink1002165,410,686,156.05830998456184,95458.37000000002
4,0,61SourceSink1002393,15,697,500.5818796290315,145695.88999999993
4,0,1139SourceSink1002233,315,713,255.72201563962406,114609.17000000001
4,0,1552SourceSink1002165,430,727,176.9439634823405,95458.37000000002
4,0,510SourceSink1002234,140,743,430.7719068386351,138301.78999999995
4,0,618SourceSink1002234,170,773,430.4844696865426,138301.78999999995
4,0,2052SourceSink1000000,570,779,125.15406568171841,66987.14000000003
4,0,1337SourceSink1002233,370,792,278.6281276790022,114609.17000000001
4,0,939SourceSink1001953,260,811,425.52159265776515,97071.34000000003
4,0,1454SourceSink1002774,400,814,277.6048171452501,106090.83000000002
4,0,1858SourceSink1002165,515,823,187.98245929815766,95458.37000000002
4,0,377SourceSink1003230,100,829,584.797868851439,117779.35000000036
4,0,1768SourceSink1002165,490,830,221.85088438075817,95458.37000000002
4,0,1014SourceSink1002234,280,843,390.48081624733,138301.78999999995
4,0,493SourceSink1002393,135,848,531.1809346963713,145695.88999999993
4,0,152SourceSink1002488,40,855,592.2786053329061,177427.68999999992
4,0,1634SourceSink1002774,450,870,287.23060347556344,106090.83000000002
4,0,799SourceSink1002393,220,884,481.9992230533635,145695.88999999993
4,0,218SourceSink1001952,60,889,660.8491791864502,136298.55000000022
4,0,907SourceSink1002393,250,891,460.48618135027436,145695.88999999993
4,0,993SourceSink1001953,275,893,494.3252258505389,97071.34000000003
4,0,2031SourceSink1003073,560,893,216.13252377703822,91879.51000000011
4,0,953SourceSink1003230,260,899,492.42024567755817,117779.35000000036
4,0,314SourceSink1002488,85,914,606.389664493096,177427.68999999992
4,0,2520SourceSink1000000,700,917,134.14933875585166,66987.14000000003
4,0,1407SourceSink1001953,390,938,427.09204226684716,97071.34000000003
4,0,1814SourceSink1002774,500,938,304.5952156152925,106090.83000000002
4,0,1356SourceSink1002234,375,946,399.4926660205129,138301.78999999995
4,0,2337SourceSink1003073,645,956,195.0412623222083,91879.51000000011
4,0,686SourceSink1001952,190,963,603.2587685362377,136298.55000000022
4,0,1353SourceSink1001953,375,974,478.1149330804931,97071.34000000003
4,0,2093SourceSink1002233,580,982,257.92772173789166,114609.17000000001
4,0,620SourceSink1002488,170,984,593.1334124179784,177427.68999999992
4,0,808SourceSink1003181,220,993,629.5538005897774,115407.30000000031
4,0,2488SourceSink1002165,690,993,184.17533120791333,95458.37000000002
4,0,2524SourceSink1002165,700,996,175.30429425498087,95458.37000000002
4,0,2463SourceSink1003073,680,999,204.26643756119867,91879.51000000011
4,0,47SourceSink1002669,10,170,76.01556054068499,66900.59000000004
4,0,317SourceSink1002669,85,235,65.32917820742162,66900.59000000004
4,0,27SourceSink1002510,5,326,201.55540788763142,94021.28000000039
4,0,695SourceSink1002669,190,341,67.35780944993441,66900.59000000004
4,0,171SourceSink1002510,45,362,196.77637407383133,94021.28000000039
4,0,821SourceSink1002669,225,373,63.86681657051646,66900.59000000004
4,0,135SourceSink1002510,35,379,223.76700048643457,94021.28000000039
4,0,46SourceSink1002663,10,392,246.51804261391865,107273.08000000028
4,0,965SourceSink1002669,265,428,78.5728530203973,66900.59000000004
4,0,441SourceSink1002510,120,471,230.58983681039155,94021.28000000039
4,0,442SourceSink1002663,120,478,219.52113066818248,107273.08000000028
4,0,603SourceSink1002510,165,490,204.99116388103806,94021.28000000039
4,0,729SourceSink1002510,200,540,220.416212558256,94021.28000000039
4,0,891SourceSink1002510,245,549,184.87189685620345,94021.28000000039
4,0,1523SourceSink1002669,420,563,58.46888015797856,66900.59000000004
4,0,133SourceSink1002393,35,574,346.6154837327634,153053.9600000004
4,0,42SourceSink1002234,10,578,383.32337745439656,150429.36000000042
4,0,963SourceSink1002510,265,608,223.58377440979507,94021.28000000039
4,0,1667SourceSink1002669,460,613,68.79605587460799,66900.59000000004
4,0,313SourceSink1002393,85,614,337.1845372463735,153053.9600000004
4,0,6SourceSink1002234,0,622,436.9235653680875,150429.36000000042
4,0,1071SourceSink1002510,295,623,208.70662109614437,94021.28000000039
4,0,1631SourceSink1002669,450,638,103.55371049976941,66900.59000000004
4,0,348SourceSink1002234,95,675,395.2536787196134,150429.36000000042
4,0,109SourceSink1001109,30,690,559.8478382316868,77989.91000000047
4,0,1449SourceSink1002510,400,705,185.14394451438224,94021.28000000039
4,0,1180SourceSink1002663,325,716,254.64109625820615,107273.08000000028
4,0,1162SourceSink1002663,320,719,263.68979332462663,107273.08000000028
4,0,456SourceSink1002234,125,730,417.5180518009712,150429.36000000042
4,0,2153SourceSink1002669,595,763,84.33937003198265,66900.59000000004
4,0,602SourceSink1002488,165,771,429.4585933374601,141106.28000000038
4,0,2117SourceSink1002669,585,780,111.65665796093464,66900.59000000004
4,0,636SourceSink1002234,175,787,425.6386303976863,150429.36000000042
4,0,1683SourceSink1002510,465,789,206.0783176361051,94021.28000000039
4,0,780SourceSink1002234,215,790,389.80228344695354,150429.36000000042
4,0,764SourceSink1002488,210,804,415.5866069384401,141106.28000000038
4,0,523SourceSink1001109,145,807,560.5806437264959,77989.91000000047
4,0,654SourceSink1002234,180,822,456.1556184516426,150429.36000000042
4,0,1015SourceSink1002393,280,823,350.3335893073007,153053.9600000004
4,0,1863SourceSink1002510,515,827,191.98598359450426,94021.28000000039
4,0,1935SourceSink1002510,535,836,179.99441179025087,94021.28000000039
4,0,1122SourceSink1002234,310,847,350.5095450534506,150429.36000000042
4,0,1213SourceSink1002393,335,850,323.8232659891949,153053.9600000004
4,0,1087SourceSink1002393,300,857,365.69544783782635,153053.9600000004
4,0,1285SourceSink1002393,355,869,322.8100493697308,153053.9600000004
4,0,216SourceSink1000000,60,885,572.0503733737845,205665.9300000005
4,0,130SourceSink1002165,35,894,616.7122707956041,196318.5000000004
4,0,1465SourceSink1002393,405,894,296.869158674763,153053.9600000004
4,0,2729SourceSink1002669,755,908,68.32179092941374,66900.59000000004
4,0,1846SourceSink1002663,510,914,268.67891677361064,107273.08000000028
4,0,631SourceSink1001109,175,918,641.1929329071804,77989.91000000047
4,0,2855SourceSink1002669,790,942,66.94129944595481,66900.59000000004
4,0,2295SourceSink1002510,635,946,193.59209203472645,94021.28000000039
4,0,2061SourceSink1002510,570,948,258.85176160315143,94021.28000000039
4,0,185SourceSink1002233,50,957,649.4227747044348,205192.10000000047
4,0,1304SourceSink1002488,360,958,424.23472910071104,141106.28000000038
4,0,364SourceSink1002165,100,962,618.9077301082888,196318.5000000004
4,0,1369SourceSink1001109,380,964,483.5569263300883,77989.91000000047
4,0,1537SourceSink1002393,425,966,349.04254845353415,153053.9600000004
4,0,937SourceSink1001109,260,975,614.12946414975,77989.91000000047
4,0,2134SourceSink1002663,590,986,260.0080634130387,107273.08000000028
4,0,1519SourceSink1002393,420,994,381.6937841138492,153053.9600000004
4,0,252SourceSink1000000,70,159,40.19358815144412,40235.030000000006
4,0,594SourceSink1000000,165,270,55.362306398972855,40235.030000000006
4,0,720SourceSink1000000,200,288,38.41643913513168,40235.030000000006
4,0,67SourceSink1002757,15,297,162.51097548356353,95458.37000000008
4,0,792SourceSink1000000,220,316,45.47698612619578,40235.030000000006
4,0,563SourceSink1002233,155,359,139.84669187016848,50038.40000000003
4,0,21SourceSink1001953,5,368,317.79875246933193,34275.569999999985
4,0,222SourceSink1002234,60,385,234.0144281849781,73731.01999999996
4,0,445SourceSink1002757,120,430,190.07890523930774,95458.37000000008
4,0,517SourceSink1002757,140,453,195.37780864757414,95458.37000000008
4,0,399SourceSink1001953,110,457,301.2584095015575,34275.569999999985
4,0,105SourceSink1003073,25,486,307.59843326599804,122143.34000000014
4,0,249SourceSink1003073,65,526,309.6085978546032,122143.34000000014
4,0,421SourceSink1002393,115,534,315.20440670498436,81125.11999999994
4,0,913SourceSink1002757,250,557,187.95711135013784,95458.37000000008
4,0,931SourceSink1002757,255,567,190.72137762410918,95458.37000000008
4,0,447SourceSink1003073,120,576,305.4308502610937,122143.34000000014
4,0,1746SourceSink1000000,485,580,45.43983087882713,40235.030000000006
4,0,1409SourceSink1002233,390,600,145.96672990112683,50038.40000000003
4,0,140SourceSink1002774,35,602,399.34815816413897,136354.66000000003
4,0,673SourceSink1002393,185,623,337.63561365329656,81125.11999999994
4,0,816SourceSink1002234,225,630,312.4683265450136,73731.01999999996
4,0,338SourceSink1002774,90,637,376.507984954543,136354.66000000003
4,0,1517SourceSink1002233,420,642,157.03455472154116,50038.40000000003
4,0,709SourceSink1002393,195,655,357.2009726150171,81125.11999999994
4,0,1345SourceSink1002757,370,666,175.64961671517653,95458.37000000008
4,0,591SourceSink1003073,160,669,355.8217325611336,122143.34000000014
4,0,530SourceSink1002488,145,684,395.9280938954482,112856.91999999997
4,0,609SourceSink1003073,165,686,366.9087531712846,122143.34000000014
4,0,1443SourceSink1001953,400,700,254.4238015035181,34275.569999999985
4,0,2160SourceSink1000000,600,705,56.30102282283328,40235.030000000006
4,0,2232SourceSink1000000,620,709,39.56853440352663,40235.030000000006
4,0,536SourceSink1002774,145,720,406.806844807231,136354.66000000003
4,0,512SourceSink1002488,140,724,442.3081058600774,112856.91999999997
4,0,1515SourceSink1001953,420,725,262.1289190130596,34275.569999999985
4,0,1931SourceSink1002233,535,725,126.37369432244999,50038.40000000003
4,0,1489SourceSink1002757,410,749,219.2488787803356,95458.37000000008
4,0,698SourceSink1002774,190,759,399.88886590463756,136354.66000000003
4,0,1695SourceSink1001953,470,771,256.40942918983365,34275.569999999985
4,0,1867SourceSink1002757,515,797,162.6059043191554,95458.37000000008
4,0,2556SourceSink1000000,710,809,48.81174713671134,40235.030000000006
4,0,860SourceSink1002774,235,818,414.200582686325,136354.66000000003
4,0,2363SourceSink1002233,655,834,115.75611709770867,50038.40000000003
4,0,2019SourceSink1001953,560,847,242.84263489899902,34275.569999999985
4,0,2399SourceSink1002233,665,850,121.46732191198089,50038.40000000003
4,0,1357SourceSink1002393,375,852,373.718092132221,81125.11999999994
4,0,1609SourceSink1002393,445,869,324.7832061795618,81125.11999999994
4,0,479SourceSink1002669,130,877,518.1204206799853,184951.51000000068
4,0,1184SourceSink1002774,325,881,385.35308095766646,136354.66000000003
4,0,282SourceSink1002756,75,906,586.8348084062693,196318.50000000067
4,0,35SourceSink1003230,5,907,719.006946940738,148043.1800000003
4,0,251SourceSink1003230,65,913,667.2454410095238,148043.1800000003
4,0,1599SourceSink1003073,440,919,327.4674086182206,122143.34000000014
4,0,1671SourceSink1003073,460,922,309.2384850106342,122143.34000000014
4,0,1653SourceSink1003073,455,929,320.6913137948897,122143.34000000014
4,0,1142SourceSink1002488,315,930,474.60079285674146,112856.91999999997
4,0,2705SourceSink1002233,750,930,117.39976644709508,50038.40000000003
4,0,3042SourceSink1000000,845,937,42.91949546727429,40235.030000000006
4,0,1106SourceSink1002488,305,938,489.4410429855882,112856.91999999997
4,0,304SourceSink1003181,80,943,683.2693866422751,145671.1300000003
4,0,208SourceSink1002663,55,945,672.2452651400254,175728.42000000042
4,0,191SourceSink1002669,50,951,668.4332449071288,184951.51000000068
4,0,2271SourceSink1001953,630,952,279.7437522246953,34275.569999999985
4,0,2130SourceSink1002234,590,954,273.46898396376827,73731.01999999996
4,0,783SourceSink1002510,215,967,570.6997225000581,145687.42000000033
4,0,2202SourceSink1002234,610,974,272.528992086942,73731.01999999996
4,0,642SourceSink1002756,175,979,556.182803961237,196318.50000000067
4,0,335SourceSink1002669,90,992,670.5333293982188,184951.51000000068
4,0,2400SourceSink1002234,665,992,236.26858043095626,73731.01999999996
4,0,58SourceSink1002165,15,380,321.8717129324092,34275.56999999998
4,0,558SourceSink1000000,155,471,263.2536985099019,41847.99999999996
4,0,688SourceSink1002165,190,496,262.244061801973,34275.56999999998
4,0,473SourceSink1002233,130,547,348.5019098551415,53426.36999999996
4,0,778SourceSink1002165,215,551,290.90818449034697,34275.56999999998
4,0,527SourceSink1002233,145,599,384.0399448165716,53426.36999999996
4,0,114SourceSink1002234,30,630,504.22089646933506,77118.98999999992
4,0,882SourceSink1000000,245,636,336.547302214268,41847.99999999996
4,0,1138SourceSink1002165,315,664,303.603873480752,34275.56999999998
4,0,1062SourceSink1000000,295,669,320.3485173527674,41847.99999999996
4,0,43SourceSink1002393,10,671,554.5645594529603,84513.08999999992
4,0,1210SourceSink1002165,335,695,316.31558887845017,34275.56999999998
4,0,1031SourceSink1002233,285,714,360.1124155505756,53426.36999999996
4,0,25SourceSink1002393,5,727,614.4549118817564,84513.08999999992
4,0,923SourceSink1002233,255,728,404.44328666115,53426.36999999996
4,0,1534SourceSink1002165,425,738,269.2048740297161,34275.56999999998
4,0,187SourceSink1002393,50,762,604.7963034431234,84513.08999999992
4,0,231SourceSink1003073,60,767,551.5184133749469,123756.31000000013
4,0,1642SourceSink1002165,455,778,278.5461658626924,34275.56999999998
4,0,690SourceSink1002234,190,845,555.0620651610557,77118.98999999992
4,0,1625SourceSink1002233,450,866,346.4154775672296,53426.36999999996
4,0,464SourceSink1002774,125,869,570.1160424641131,137967.63000000003
4,0,1998SourceSink1000000,555,869,260.8884454877192,41847.99999999996
4,0,1499SourceSink1002233,415,870,386.13285813202396,53426.36999999996
4,0,583SourceSink1002393,160,875,606.4012206800177,84513.08999999992
4,0,176SourceSink1002774,45,878,656.5463610735217,137967.63000000003
4,0,26SourceSink1002488,5,879,726.7812540281409,116244.88999999996
4,0,924SourceSink1002234,255,879,525.774773534144,77118.98999999992
4,0,321SourceSink1003073,85,886,643.4906703644266,123756.31000000013
4,0,2020SourceSink1002165,560,897,292.3122014314626,34275.56999999998
4,0,194SourceSink1002774,50,904,676.9844689367864,137967.63000000003
4,0,1715SourceSink1002233,475,905,360.86432676615544,53426.36999999996
4,0,104SourceSink1002774,25,907,706.1265188416797,137967.63000000003
4,0,1417SourceSink1002757,390,919,405.6979261936317,97071.34000000007
4,0,727SourceSink1002393,200,926,618.8916259405709,84513.08999999992
4,0,1697SourceSink1002233,470,926,388.5303004789751,53426.36999999996
4,0,2362SourceSink1002165,655,947,249.29253830540532,34275.56999999998
4,0,518SourceSink1002774,140,963,647.4978411122852,137967.63000000003
4,0,1823SourceSink1002233,505,967,392.2115177497899,53426.36999999996
4,0,2304SourceSink1000000,640,975,281.54089058790214,41847.99999999996
4,0,897SourceSink1003073,245,989,588.4805134605745,123756.31000000013
4,0,2272SourceSink1002165,630,989,316.3926022341176,34275.56999999998
4,0,431SourceSink1003230,115,244,69.95961948284692,47399.99999999985
4,0,449SourceSink1003230,120,252,72.39792724050633,47399.99999999985
4,0,737SourceSink1003230,200,343,83.81465544665099,47399.99999999985
4,0,412SourceSink1003181,110,393,174.41124261501693,84455.74999999984
4,0,592SourceSink1003181,160,453,184.59376899400525,84455.74999999984
4,0,898SourceSink1003181,245,477,124.14316641521872,84455.74999999984
4,0,1457SourceSink1003230,400,512,51.2124215985191,47399.99999999985
4,0,1403SourceSink1003230,385,520,75.25680853415618,47399.99999999985
4,0,1565SourceSink1003230,430,537,47.246522974303524,47399.99999999985
4,0,1529SourceSink1003230,420,547,66.7684930156681,47399.99999999985
4,0,1817SourceSink1003230,500,636,77.05796096340708,47399.99999999985
4,0,1979SourceSink1003230,545,678,72.78771845784152,47399.99999999985
4,0,1546SourceSink1003181,425,701,169.88209733931828,84455.74999999984
4,0,2177SourceSink1003230,600,710,50.6394326135624,47399.99999999985
4,0,1582SourceSink1003181,435,741,199.103631050704,84455.74999999984
4,0,2285SourceSink1003230,630,761,70.92185237098388,47399.99999999985
4,0,267SourceSink1003073,70,788,565.6448274185568,122343.26000000021
4,0,1852SourceSink1003181,510,816,197.63115676887182,84455.74999999984
4,0,519SourceSink1003073,140,866,572.1719755079606,122343.26000000021
4,0,247SourceSink1002757,65,896,660.0351113966396,136298.55000000045
4,0,2176SourceSink1003181,600,903,194.71832941535536,84455.74999999984
4,0,409SourceSink1002757,110,929,648.6897385318493,136298.55000000045
4,0,2482SourceSink1003181,685,948,153.99919800668513,84455.74999999984
4,0,573SourceSink1003073,155,964,655.5164712779643,122343.26000000021
4,0,465SourceSink1003073,125,966,687.0055525684525,122343.26000000021
4,0,3131SourceSink1003230,865,973,48.15508701336648,47399.99999999985
4,0,86SourceSink1002774,20,997,787.4739132789863,150964.88000000038
4,0,288SourceSink1000000,80,997,748.0586823280727,138091.1500000005
4,0,392SourceSink1002774,105,998,701.4385004937042,150964.88000000038
