road,id,model_type,name,lat,lon,length,condition
N1,100000,source,LRPS,23.7060278,90.443333,0.0,R
N1,100001,link,LRPSa,23.7029167,90.4504167,185.99999999999994,R
N1,100002,bridge,LRP001a,23.69873866,90.4588610799999,11.3,A
N1,100003,link,LRP002,23.697888600000002,90.4605833,2175.0,R
N1,100004,bridge,LRP004b,23.6946638363636,90.4877749181818,6.6,A
N1,100005,link,LRP005,23.6947497,90.48849969999999,3763.0,R
N1,100006,bridge,LRP008b,23.7050598925675,90.5232141463513,397.0,C
N1,100007,link,LRP010,23.702527800000002,90.5273882,1000.0,R
N1,100008,bridge,LRP010a,23.6964000869109,90.5350989801047,8.0,B
N1,100009,link,LRP011a,23.694360800000002,90.5376108,0.0,R
N1,100010,bridge,LRP010c,23.6943023869158,90.5377073719626,6.3,A
N1,100011,link,LRP011b,23.6922774,90.5410552,458.00000000000017,R
N1,100012,bridge,LRP011c,23.6909119315151,90.5454624957575,10.6,B
N1,100013,link,LRP012c,23.6904163,90.546583,0.0,R
N1,100014,bridge,LRP012a,23.6884123260204,90.5485585290816,9.3,A
N1,100015,link,LRP013,23.6865274,90.5504167,0.0,R
N1,100016,bridge,LRP013a,23.685583027027,90.551207981081,27.5,A
N1,100017,link,LRP013a,23.6854997,90.5512778,0.0,R
N1,100018,bridge,LRP013b,23.6853619779342,90.5513591765258,27.5,A
N1,100019,link,LRP014,23.678166,90.5556111,0.0,R
N1,100020,bridge,LRP014a,23.6778035,90.5558194349999,11.9,A
N1,100021,link,LRP015,23.670916000000002,90.55977779999999,38.999999999997925,R
N1,100022,bridge,LRP016a,23.6633090696149,90.563856994797,5.55,B
N1,100023,link,LRP016,23.662833300000003,90.56411109999999,1327.9999999999993,R
N1,100024,bridge,LRP017b,23.6544257051136,90.576730225,159.5,B
N1,100025,link,LRP017c,23.6540556,90.57727709999999,0.0,R
N1,100026,bridge,LRP018b,23.65397226,90.57741042,20.45,A
N1,100027,link,LRP017d,23.6539167,90.5774993,289.99999999999915,R
N1,100028,bridge,LRP018a,23.6515705663716,90.5814943946902,20.0,B
N1,100029,link,LRP018a,23.650888899999998,90.5826382,41.00000000000037,R
N1,100030,bridge,LRP018c,23.6497543993548,90.5845490085483,25.5,A
N1,100031,link,LRP019,23.647610800000002,90.588083,0.0,R
N1,100032,bridge,LRP019a,23.6459685949152,90.5892119813559,40.5,C
N1,100033,link,LRP019a,23.644944100000004,90.5899163,646.0000000000008,R
N1,100034,bridge,LRP020a,23.6379543715384,90.5936673976923,6.0,A
N1,100035,link,LRP020a,23.6358608,90.5948052,297.9999999999983,R
N1,100036,bridge,LRP020b,23.63380522,90.597394085,10.4,B
N1,100037,link,LRP020c,23.6335552,90.5976941,82.00000000000074,R
N1,100038,bridge,LRP021c,23.6284668507692,90.6023015723077,89.2,A
N1,100039,link,LRP021a,23.6262771,90.60422220000001,752.9999999999966,R
N1,100040,bridge,LRP022a,23.6198832229508,90.6083528852459,5.5,B
N1,100041,link,LRP022d,23.6195271,90.60858329999999,0.0,R
N1,100042,bridge,LRP023a,23.6176407964705,90.6095506105882,224.8,A
N1,100043,link,LRP023,23.6173604,90.6096944,0.0,R
N1,100044,bridge,LRP023d,23.613587384385,90.6109029561497,119.32,A
N1,100045,link,LRP023a,23.6095556,90.6121944,65.00000000000128,R
N1,100046,bridge,LRP024a,23.6027595885583,90.6155316965675,900.0,C
N1,100047,link,LRP024a,23.6018611,90.6159722,1135.9999999999993,R
N1,100048,bridge,LRP026a,23.5929818827893,90.6279699370919,5.6,A
N1,100049,link,LRP026b,23.5917497,90.6293327,0.0,R
N1,100050,bridge,LRP026b,23.5908088547468,90.6302368598101,5.5,A
N1,100051,link,LRP027,23.5896108,90.6313882,0.0,R
N1,100052,bridge,LRP027a,23.58631812254,90.6345094207093,5.6,A
N1,100053,link,LRP027a,23.583749700000002,90.6369441,165.0000000000027,R
N1,100054,bridge,LRP028b,23.5779800248475,90.6419193089939,172.1,A
N1,100055,link,LRP028b,23.577916000000002,90.6419719,789.0000000000015,R
N1,100056,bridge,LRP029b,23.5716306256965,90.6454159236842,29.77,A
N1,100057,link,LRP030,23.5666111,90.6481663,0.0,R
N1,100058,bridge,LRP030a,23.5660033956521,90.6486237247282,34.7,A
N1,100059,link,LRP030a,23.5639167,90.6501944,647.000000000002,R
N1,100060,bridge,LRP031a,23.5591910296296,90.6557475703703,27.4,A
N1,100061,link,LRP031a,23.559027800000003,90.6559444,452.0000000000017,R
N1,100062,bridge,LRP032a,23.5557082901265,90.6597414245569,29.85,A
N1,100063,link,LRP032,23.5538056,90.66197220000001,241.99999999999733,R
N1,100064,bridge,LRP032d,23.5517421907216,90.6643538752577,28.9,A
N1,100065,link,LRP033,23.548749700000002,90.6678327,0.0,R
N1,100066,bridge,LRP033a,23.5477377446428,90.6690554098214,9.1,A
N1,100067,link,LRP033a,23.5474163,90.6694438,520.0000000000032,R
N1,100068,bridge,LRP034a,23.54268543125,90.6748292125,72.49,A
N1,100069,link,LRP034,23.542583,90.6749438,0.0,R
N1,100070,bridge,LRP034c,23.5393910168,90.6784577888,5.1,C
N1,100071,link,LRP035,23.5362497,90.681916,348.99999999999665,R
N1,100072,bridge,LRP035a,23.5327751898617,90.6858701078341,9.5,A
N1,100073,link,LRP036,23.5301938,90.688833,0.0,R
N1,100074,bridge,LRP036c,23.5301519626506,90.6897951837349,8.4,A
N1,100075,link,LRP036a,23.529916,90.6952219,335.9999999999985,R
N1,100076,bridge,LRP037a,23.5303844733,90.7024402743,1408.8,A
N1,100077,link,LRP038,23.5307493,90.70827779999999,1512.9999999999982,R
N1,100078,bridge,LRP040b,23.5324186,90.7242807234,21.8,C
N1,100079,link,LRP040,23.532721600000002,90.7269993,0.0,R
N1,100080,bridge,LRP040c,23.5317587831999,90.7291780095,6.0,B
N1,100081,link,LRP041,23.528916,90.7356108,1661.999999999999,R
N1,100082,bridge,LRP043a,23.5298050611,90.75825325,16.5,C
N1,100083,link,LRP044,23.5299993,90.7615,1184.9999999999952,R
N1,100084,bridge,LRP046a,23.5307655282208,90.7800797251533,3.9,C
N1,100085,link,LRP046,23.5308049,90.7811104,1000.0,R
N1,100086,bridge,LRP047a,23.5308683409424,90.7918075171727,6.5,C
N1,100087,link,LRP047a,23.530693799999998,90.7924441,1045.0000000000018,R
N1,100088,bridge,LRP049a,23.5318234765,90.8110155135,15.9,A
N1,100089,link,LRP050,23.5332493,90.81947159999999,1000.0,R
N1,100090,bridge,LRP051a,23.5329743291,90.8309774761999,12.2,A
N1,100091,link,LRP052,23.529221600000003,90.83652740000001,1000.0,R
N1,100092,bridge,LRP053a,23.5229166652,90.8442186132,4.5,C
N1,100093,link,LRP054,23.5174993,90.8513889,2207.999999999998,R
N1,100094,bridge,LRP056a,23.510087758207,90.8757204035353,28.9,C
N1,100095,link,LRP057,23.508805600000002,90.8778604,2000.0,R
N1,100096,bridge,LRP059a,23.5060024341,90.9021745389,5.9,B
N1,100097,link,LRP060,23.506277800000003,90.90638890000001,1000.0,R
N1,100098,bridge,LRP061a,23.5056131416,90.9214660218,3.0,B
N1,100099,link,LRP062,23.505527800000003,90.92572159999999,1625.0,R
N1,100100,bridge,LRP064a,23.5024077848,90.9432418928,6.0,B
N1,100101,link,LRP064,23.5020278,90.9448886,0.0,R
N1,100102,bridge,LRP064c,23.5013551924,90.9473844088999,3.0,A
N1,100103,link,LRP065,23.499527399999998,90.9541667,1457.0000000000077,R
N1,100104,bridge,LRP067a,23.495896314,90.9715772516,4.6,B
N1,100105,link,LRP068,23.4942219,90.97655490000001,1000.0,R
N1,100106,bridge,LRP068a,23.4932728146,90.9887200416,4.5,A
N1,100107,link,LRP070,23.491138600000003,90.99502740000001,2028.9999999999964,R
N1,100108,bridge,LRP072a,23.4868805937254,91.017566692647,23.1,C
N1,100109,link,LRP074,23.484638600000004,91.0229438,2053.9999999999877,R
N1,100110,bridge,LRP075a,23.4817873233065,91.0463348850746,4.6,B
N1,100111,link,LRP076a,23.4820827,91.0504167,128.99999999999068,R
N1,100112,bridge,LRP076a,23.4817498298684,91.0563549686842,4.6,B
N1,100113,link,LRP077a,23.4815271,91.0590278,239.99999999999488,R
N1,100114,bridge,LRP077a,23.480613086,91.0674097692,1.5,A
N1,100115,link,LRP079,23.4801104,91.0706382,1000.0,R
N1,100116,bridge,LRP079a,23.4776722851,91.0847406393,1.0,C
N1,100117,link,LRP081,23.4781938,91.0889997,2000.0,R
N1,100118,bridge,LRP081a,23.4781159049382,91.1070332074074,3.0,B
N1,100119,link,LRP083a,23.4789438,91.1177216,591.9999999999845,R
N1,100120,bridge,LRP083a,23.4794083880733,91.1238920825688,1.4,A
N1,100121,link,LRP085,23.4800827,91.12763819999999,0.0,R
N1,100122,bridge,LRP083b,23.479544924,91.129047144,2.9,A
N1,100123,link,LRP086,23.4767216,91.1364441,3537.0000000000064,R
N1,100124,bridge,LRP088a,23.4436339598272,91.1493668151188,23.4,A
N1,100125,link,LRP090,23.442527399999996,91.1497774,3237.000000000009,R
N1,100126,bridge,LRP092a,23.4212487704918,91.1678943372365,35.9,B
N1,100127,link,LRP094,23.4195271,91.17141600000001,1628.0000000000143,R
N1,100128,bridge,LRP094a,23.4119324230158,91.1939029849206,27.35,C
N1,100129,link,LRP097,23.411305600000002,91.19888859999999,3043.999999999997,R
N1,100130,bridge,LRP098a,23.3976518197887,91.2234221346859,27.35,C
N1,100131,link,LRP101,23.391527399999998,91.2292493,2000.0,R
N1,100132,bridge,LRP101a,23.3713647755,91.2450175414999,30.4,A
N1,100133,link,LRP104,23.3695827,91.24627740000001,2075.0000000000027,R
N1,100134,bridge,LRP104a,23.3521636774381,91.2572910746724,22.88,C
N1,100135,link,LRP106a,23.3486386,91.2599444,312.9999999999882,R
N1,100136,bridge,LRP105a,23.342671472,91.264485636,14.3,A
N1,100137,link,LRP108,23.3390552,91.26722159999998,1000.0,R
N1,100138,bridge,LRP107a,23.3301462324,91.2748792824,24.0,A
N1,100139,link,LRP110,23.3246382,91.278666,83.00000000001262,R
N1,100140,bridge,LRP109a,23.3180696869138,91.2830867321701,9.2,A
N1,100141,link,LRP111,23.3171382,91.2836941,1000.0,R
N1,100142,bridge,LRP110a,23.3083612731261,91.2865787034735,19.2,B
N1,100143,link,LRP112a,23.30425,91.288583,0.0,R
N1,100144,bridge,LRP110c,23.3034306450331,91.2889770397351,2.6,B
N1,100145,link,LRP113,23.3006111,91.29033299999999,0.0,R
N1,100146,bridge,LRP111a,23.2979675271676,91.2910141369942,3.2,A
N1,100147,link,LRP113a,23.296083,91.2914997,480.99999999998033,R
N1,100148,bridge,LRP112a,23.2897066386454,91.2929584711155,13.4,A
N1,100149,link,LRP114a,23.2876663,91.2936386,497.99999999999045,R
N1,100150,bridge,LRP113a,23.2821949258397,91.2966655096899,4.6,B
N1,100151,link,LRP115a,23.2787216,91.30027779999999,225.99999999998488,R
N1,100152,bridge,LRP114a,23.27301895,91.3029661882,6.3,B
N1,100153,link,LRP117,23.268638199999998,91.30497220000001,596.0000000000036,R
N1,100154,bridge,LRP116a,23.2618360940594,91.3070217386138,3.0,B
N1,100155,link,LRP118,23.2601111,91.3072778,0.0,R
N1,100156,bridge,LRP116b,23.25941665,91.3073611,3.0,B
N1,100157,link,LRP118a,23.258722199999998,91.30744440000001,0.0,R
N1,100158,bridge,LRP116c,23.2576429774881,91.3076156494075,3.6,B
N1,100159,link,LRP119,23.2511944,91.3086389,730.000000000004,R
N1,100160,bridge,LRP118a,23.2443915125925,91.3114032292592,2.5,B
N1,100161,link,LRP120,23.243083,91.3119167,0.0,R
N1,100162,bridge,LRP118b,23.2429040619631,91.3119739539877,19.2,B
N1,100163,link,LRP120a,23.241694100000004,91.31236109999999,0.0,R
N1,100164,bridge,LRP118d,23.2397920309669,91.3125740860465,2.6,A
N1,100165,link,LRP120b,23.2344997,91.3131667,334.99999999999375,R
N1,100166,bridge,LRP119b,23.2289195919642,91.3134220678571,3.1,B
N1,100167,link,LRP121b,23.2275549,91.31352779999999,0.0,R
N1,100168,bridge,LRP120a,23.2259184472573,91.3135697177215,2.6,B
N1,100169,link,LRP122,23.225388199999998,91.3135833,0.0,R
N1,100170,bridge,LRP120b,23.2220338977777,91.3137005933333,6.0,A
N1,100171,link,LRP122a,23.221416,91.3137222,549.9999999999972,R
N1,100172,bridge,LRP121b,23.2131955721448,91.3153497403899,14.3,B
N1,100173,link,LRP123a,23.2103056,91.31572220000001,281.99999999998226,R
N1,100174,bridge,LRP122a,23.2050386287937,91.3163167282749,6.1,A
N1,100175,link,LRP124a,23.201,91.31680490000001,228.9999999999992,R
N1,100176,bridge,LRP123a,23.1961887953757,91.3176705069364,6.1,A
N1,100177,link,LRP125a,23.192110800000002,91.31855490000001,134.9999999999909,R
N1,100178,bridge,LRP124a,23.1874350254302,91.3209051317399,6.1,C
N1,100179,link,LRP126a,23.1866941,91.3212493,476.99999999998965,R
N1,100180,bridge,LRP125a,23.1817958149837,91.3208787514658,9.5,B
N1,100181,link,LRP127a,23.177360399999998,91.31980490000001,515.0000000000006,R
N1,100182,bridge,LRP126a,23.1726272318681,91.3205774642857,3.1,B
N1,100183,link,LRP128a,23.168138199999998,91.3213604,454.00000000002194,R
N1,100184,bridge,LRP127a,23.1635138669191,91.3215889464646,9.5,A
N1,100185,link,LRP129a,23.157166699999998,91.3224993,208.00000000001262,R
N1,100186,bridge,LRP128a,23.1527364949367,91.3243178772152,6.3,B
N1,100187,link,LRP130a,23.1496941,91.3254993,368.0000000000234,R
N1,100188,bridge,LRP129a,23.1436667679334,91.3266680470308,3.5,B
N1,100189,link,LRP131a,23.1433886,91.326666,0.0,R
N1,100190,bridge,LRP130a,23.1389893200345,91.3263585348877,6.1,B
N1,100191,link,LRP132,23.138221899999998,91.32630490000001,101.99999999997544,R
N1,100192,bridge,LRP131a,23.1332639685968,91.327546416481,3.0,B
N1,100193,link,LRP133,23.1295827,91.3284993,69.99999999999318,R
N1,100194,bridge,LRP131b,23.1252363577777,91.3303863688888,6.5,A
N1,100195,link,LRP133b,23.123499300000002,91.3311382,254.99999999999545,R
N1,100196,bridge,LRP132a,23.1196973774193,91.3328165129032,4.5,B
N1,100197,link,LRP134a,23.1193049,91.3329993,27.999999999991587,R
N1,100198,bridge,LRP133a,23.1158251554,91.335094485,5.3,B
N1,100199,link,LRP136,23.1113611,91.3378052,74.99999999998863,R
N1,100200,bridge,LRP134a,23.1074284451388,91.3400495436111,6.1,A
N1,100201,link,LRP136b,23.105111100000002,91.3413608,205.0000000000125,R
N1,100202,bridge,LRP135a,23.1017563206521,91.343162998913,3.1,B
N1,100203,link,LRP137a,23.1005833,91.34377740000001,0.0,R
N1,100204,bridge,LRP135b,23.0973512527272,91.3454956309091,9.5,B
N1,100205,link,LRP137b,23.0961941,91.3461108,81.99999999999363,R
N1,100206,bridge,LRP136a,23.0930298369186,91.3478308386627,3.1,A
N1,100207,link,LRP138a,23.0901108,91.34941629999999,311.9999999999834,R
N1,100208,bridge,LRP136c,23.0870753710144,91.3512101492753,9.25,B
N1,100209,link,LRP139a,23.0849719,91.35247220000001,0.0,R
N1,100210,bridge,LRP137a,23.0819909531309,91.3541811474383,3.5,A
N1,100211,link,LRP139b,23.0808049,91.3548611,210.00000000000796,R
N1,100212,bridge,LRP137b,23.0779647046997,91.3566005031331,14.2,B
N1,100213,link,LRP140a,23.0732493,91.3594167,234.00000000000887,R
N1,100214,bridge,LRP138a,23.070198184,91.3603022,6.1,B
N1,100215,link,LRP141a,23.0688604,91.36072220000001,859.0000000000089,R
N1,100216,bridge,LRP140a,23.0607473333333,91.3618624619047,4.0,B
N1,100217,link,LRP143,23.0538611,91.36372220000001,1552.9999999999973,R
N1,100218,bridge,LRP142a,23.0379728055555,91.3656784724359,10.8,A
N1,100219,link,LRP145,23.0360274,91.36575,734.9999999999852,R
N1,100220,bridge,LRP143a,23.0269801170731,91.3655004839721,1.6,A
N1,100221,link,LRP146,23.026971600000003,91.3655,2001.0000000000048,R
N1,100222,bridge,LRP145a,23.0124048410423,91.3779796149837,3.4,A
N1,100223,link,LRP148a,23.009555600000002,91.3813604,1407.0000000000107,R
N1,100224,bridge,LRP148a,22.999248756,91.3957752,1.5,A
N1,100225,link,LRP151,22.996388600000003,91.3998052,108.00000000000409,R
N1,100226,bridge,LRP149a,22.9947280792802,91.4022894900763,22.86,B
N1,100227,link,LRP152,22.990694100000002,91.4072222,4939.999999999998,R
N1,100228,bridge,LRP155a,22.9614487369369,91.4429962027027,94.05,B
N1,100229,link,LRP157,22.9611667,91.44338859999999,4055.000000000007,R
N1,100230,bridge,LRP159a,22.9486038666666,91.4794993833333,1.5,A
N1,100231,link,LRP162,22.9497497,91.4883608,1287.9999999999825,R
N1,100232,bridge,LRP161a,22.9496126090047,91.502066899526,191.5,B
N1,100233,link,LRP163b,22.949582999999997,91.50277779999999,4643.000000000001,R
N1,100234,bridge,LRP166a,22.9149647061403,91.5262895350877,222.43,A
N1,100235,link,LRP168b,22.9138056,91.5268604,0.0,R
N1,100236,bridge,LRP166c,22.9097128884012,91.5289285034482,6.1,A
N1,100237,link,LRP169,22.9085833,91.5294993,464.00000000002706,R
N1,100238,bridge,LRP167a,22.9042462955223,91.5316297776119,3.0,A
N1,100239,link,LRP170,22.9003333,91.5333608,937.0000000000118,R
N1,100240,bridge,LRP169a,22.8916386,91.5354719,3.0,A
N1,100241,link,LRP171,22.891638600000004,91.5354719,1914.999999999992,R
N1,100242,bridge,LRP171a,22.8746986941176,91.5408836647058,4.3,A
N1,100243,link,LRP173,22.874443799999998,91.5409719,162.00000000000614,R
N1,100244,bridge,LRP171b,22.872722034892,91.5415958766187,2.0,A
N1,100245,link,LRP173b,22.868416,91.5431663,0.0,R
N1,100246,bridge,LRP171c,22.8680563702127,91.5432963340425,1.5,A
N1,100247,link,LRP174,22.8661111,91.5439997,576.0000000000218,R
N1,100248,bridge,LRP172a,22.8609876872509,91.5451551717131,4.3,A
N1,100249,link,LRP174b,22.8595833,91.54547190000001,0.0,R
N1,100250,bridge,LRP172b,22.8594847882591,91.5454799987854,2.0,A
N1,100251,link,LRP175,22.8575556,91.54563859999999,0.0,R
N1,100252,bridge,LRP173a,22.8560565672727,91.5457188709091,1.5,A
N1,100253,link,LRP175a,22.855999999999998,91.5457219,0.0,R
N1,100254,bridge,LRP173b,22.8551475327433,91.5458221849557,1.5,A
N1,100255,link,LRP175b,22.8550556,91.545833,722.0000000000084,R
N1,100256,bridge,LRP174a,22.8486172764705,91.5463706117647,8.5,A
N1,100257,link,LRP176a,22.8485274,91.5463886,10.000000000019327,R
N1,100258,bridge,LRP174b,22.8453914894736,91.5474689210526,3.0,A
N1,100259,link,LRP176c,22.8452219,91.5475274,0.0,R
N1,100260,bridge,LRP174c,22.8434551375,91.54814955625,1.5,A
N1,100261,link,LRP176d,22.8432497,91.5482219,0.0,R
N1,100262,bridge,LRP175a,22.8410943334277,91.5488096951841,3.0,A
N1,100263,link,LRP177,22.8401941,91.5490552,314.0000000000214,R
N1,100264,bridge,LRP175b,22.8327467692419,91.5501035014577,3.0,A
N1,100265,link,LRP178,22.8313882,91.55036109999999,0.0,R
N1,100266,bridge,LRP176a,22.8309613422018,91.5505028545871,4.5,A
N1,100267,link,LRP178a,22.8239438,91.5528333,1127.999999999986,R
N1,100268,bridge,LRP179a,22.811563437647,91.5562562129411,9.5,B
N1,100269,link,LRP180a,22.8110556,91.5563889,1659.9999999999966,R
N1,100270,bridge,LRP181a,22.7941813523326,91.5629612622718,4.5,A
N1,100271,link,LRP182a,22.7934163,91.5633333,507.000000000005,R
N1,100272,bridge,LRP182a,22.7821968918511,91.5691025661971,23.2,B
N1,100273,link,LRP183a,22.7813327,91.5695271,507.0000000000334,R
N1,100274,bridge,LRP183b,22.774197092,91.5728737519999,6.0,A
N1,100275,link,LRP184c,22.7732771,91.5733604,23.999999999972488,R
N1,100276,bridge,LRP184a,22.770251666098,91.5750905211087,9.7,A
N1,100277,link,LRP185a,22.7693604,91.5756104,530.9999999999775,R
N1,100278,bridge,LRP185a,22.7630626913907,91.5804538821192,4.0,A
N1,100279,link,LRP186a,22.7621944,91.5811382,546.999999999997,R
N1,100280,bridge,LRP186a,22.7535653245121,91.5886004236585,12.9,A
N1,100281,link,LRP187a,22.7526389,91.5893608,180.00000000000682,R
N1,100282,bridge,LRP187a,22.7506393495689,91.5908840370689,3.0,A
N1,100283,link,LRP188a,22.749638600000004,91.5916386,0.0,R
N1,100284,bridge,LRP187b,22.7445136523437,91.5943998915364,8.1,B
N1,100285,link,LRP189,22.7435552,91.5949163,2000.0,R
N1,100286,bridge,LRP190a,22.723316755473,91.6024331404452,3.0,A
N1,100287,link,LRP191a,22.7221104,91.6030833,460.9999999999843,R
N1,100288,bridge,LRP191a,22.7178243865384,91.6057623307692,3.0,A
N1,100289,link,LRP192a,22.7165556,91.6065556,290.00000000002046,R
N1,100290,bridge,LRP191c,22.7138727382812,91.6082352218749,19.2,C
N1,100291,link,LRP193a,22.7124167,91.6090556,1153.9999999999964,R
N1,100292,bridge,LRP193a,22.701816503937,91.6149734608923,19.2,A
N1,100293,link,LRP194c,22.7002222,91.61577779999999,1003.9999999999907,R
N1,100294,bridge,LRP194a,22.6912517148148,91.6201690574074,4.2,A
N1,100295,link,LRP196,22.6904163,91.62052709999999,98.00000000001319,R
N1,100296,bridge,LRP195a,22.6868697647058,91.6220385823529,3.2,A
N1,100297,link,LRP196b,22.685083,91.6228327,317.0000000000073,R
N1,100298,bridge,LRP196a,22.6769772991044,91.6268169453731,6.0,A
N1,100299,link,LRP197a,22.6769438,91.62683270000001,581.0000000000173,R
N1,100300,bridge,LRP197a,22.6699594391304,91.6293531695652,3.0,A
N1,100301,link,LRP198c,22.6678604,91.6301104,0.0,R
N1,100302,bridge,LRP197b,22.6657838981081,91.6311293581081,3.0,A
N1,100303,link,LRP199,22.6649167,91.63155490000001,137.9999999999768,R
N1,100304,bridge,LRP198a,22.6615956814814,91.6335257425926,3.0,A
N1,100305,link,LRP199b,22.6596667,91.6347219,322.00000000003115,R
N1,100306,bridge,LRP199a,22.6547124294117,91.6379261764705,3.1,A
N1,100307,link,LRP200a,22.6543889,91.63813859999999,208.99999999997476,R
N1,100308,bridge,LRP199b,22.6510709547445,91.6400341194647,4.6,A
N1,100309,link,LRP201,22.6494997,91.640833,67.00000000000728,R
N1,100310,bridge,LRP199c,22.6474561112311,91.6419171170626,12.4,A
N1,100311,link,LRP201b,22.645277399999998,91.6430552,469.99999999999886,R
N1,100312,bridge,LRP201a,22.636096590965,91.648209240657,3.0,A
N1,100313,link,LRP202a,22.6338608,91.64947190000001,222.0000000000084,R
N1,100314,bridge,LRP202a,22.6281666352941,91.6527578258312,3.0,A
N1,100315,link,LRP203b,22.625916,91.6541389,0.0,R
N1,100316,bridge,LRP202b,22.6258323373493,91.6541857554217,6.1,B
N1,100317,link,LRP204,22.625221600000003,91.6545278,219.0000000000225,R
N1,100318,bridge,LRP203a,22.6230461711711,91.6554672531531,3.0,A
N1,100319,link,LRP204b,22.620693799999998,91.6563611,182.99999999999272,R
N1,100320,bridge,LRP203b,22.6177563490118,91.6580589438735,3.0,A
N1,100321,link,LRP204f,22.6175271,91.65825,106.99999999999932,R
N1,100322,bridge,LRP204a,22.6149899686274,91.6602670503268,4.6,A
N1,100323,link,LRP205b,22.6123889,91.6622222,0.0,R
N1,100324,bridge,LRP205a,22.6117556741935,91.6625686731182,3.0,A
N1,100325,link,LRP206,22.609444399999997,91.6638333,72.00000000000273,R
N1,100326,bridge,LRP206a,22.6038394411764,91.6673745588235,2.95,A
N1,100327,link,LRP207,22.6015833,91.66883270000001,294.00000000001114,R
N1,100328,bridge,LRP206c,22.5971665766519,91.671819207489,9.3,B
N1,100329,link,LRP207d,22.594221899999997,91.6737771,24.999999999977263,R
N1,100330,bridge,LRP207a,22.5938881803921,91.6738889367647,4.5,A
N1,100331,link,LRP208a,22.5907497,91.6754716,0.0,R
N1,100332,bridge,LRP208a,22.5870350167767,91.6770444686922,22.25,C
N1,100333,link,LRP209,22.584583,91.6780827,143.0000000000291,R
N1,100334,bridge,LRP208d,22.5815086746355,91.6795390413994,2.5,A
N1,100335,link,LRP209c,22.580666,91.67994379999999,330.99999999998886,R
N1,100336,bridge,LRP209a,22.5767930229508,91.68162274153,10.2,A
N1,100337,link,LRP210,22.5763604,91.68180490000002,394.9999999999818,R
N1,100338,bridge,LRP210a,22.5702905930578,91.6840096656198,3.0,A
N1,100339,link,LRP211,22.5679716,91.6846941,178.0000000000257,R
N1,100340,bridge,LRP210d,22.5664212916363,91.6851826636363,4.5,A
N1,100341,link,LRP211b,22.5641389,91.68591629999999,546.9999999999686,R
N1,100342,bridge,LRP211a,22.5585210862619,91.687506242492,4.1,A
N1,100343,link,LRP213,22.551416699999997,91.6896941,175.00000000001137,R
N1,100344,bridge,LRP213a,22.5467727210909,91.6926260603636,3.0,A
N1,100345,link,LRP214,22.543888600000002,91.69452740000001,119.0000000000282,R
N1,100346,bridge,LRP214a,22.5390300234693,91.6965452744898,8.2,A
N1,100347,link,LRP215,22.5354997,91.6979441,90.00000000000341,R
N1,100348,bridge,LRP215a,22.5303678038461,91.7004641228571,3.0,A
N1,100349,link,LRP216,22.5273049,91.7019444,0.0,R
N1,100350,bridge,LRP215b,22.5229359167189,91.7038366163009,16.3,B
N1,100351,link,LRP216a,22.519416,91.70536109999999,821.0000000000264,R
N1,100352,bridge,LRP217a,22.5113471164122,91.7087907889313,27.0,C
N1,100353,link,LRP218,22.510611100000002,91.7090833,413.00000000003934,R
N1,100354,bridge,LRP218a,22.5060220437735,91.7112848218867,4.5,A
N1,100355,link,LRP218e,22.503,91.7128056,56.99999999995953,R
N1,100356,bridge,LRP218b,22.5000858335766,91.7141504905109,17.6,A
N1,100357,link,LRP219a,22.4969163,91.7155556,314.9999999999977,R
N1,100358,bridge,LRP219a,22.4904405976324,91.7182726733934,3.0,B
N1,100359,link,LRP220a,22.486944100000002,91.7192771,0.0,R
N1,100360,bridge,LRP220a,22.4855480068965,91.7195309517241,4.5,A
N1,100361,link,LRP221,22.4854163,91.7195549,297.00000000002547,R
N1,100362,bridge,LRP220b,22.4811642144766,91.7203633632516,24.33,D
N1,100363,link,LRP221b,22.4775271,91.72105490000001,114.00000000003274,R
N1,100364,bridge,LRP221a,22.4728530893544,91.7232633541336,6.0,A
N1,100365,link,LRP222a,22.4694438,91.72505490000002,135.99999999999568,R
N1,100366,bridge,LRP223a,22.4624386352,91.7285307,23.2,B
N1,100367,link,LRP224,22.4603056,91.72958270000001,1017.9999999999723,R
N1,100368,bridge,LRP224a,22.4488628503871,91.7342823894358,3.0,A
N1,100369,link,LRP226,22.443388600000002,91.73641629999999,135.00000000001933,R
N1,100370,bridge,LRP226a,22.4375035216216,91.7386659473513,3.0,A
N1,100371,link,LRP227,22.434971899999997,91.7396941,939.9999999999977,R
N1,100372,bridge,LRP228a,22.4220415536,91.7480209792,35.1,B
N1,100373,link,LRP229,22.4198882,91.74977740000001,2000.0,R
N1,100374,bridge,LRP230a,22.4030145445,91.75657411625,5.0,A
N1,100375,link,LRP231a,22.3996108,91.7573333,111.00000000001842,R
N1,100376,bridge,LRP231a,22.3963398830265,91.7582551580777,3.0,A
N1,100377,link,LRP232,22.3944997,91.7586944,59.00000000002592,R
N1,100378,bridge,LRP231b,22.3927175345622,91.7590882138248,18.0,A
N1,100379,link,LRP232b,22.3921108,91.75925,723.9999999999611,R
N1,100380,bridge,LRP232a,22.38524588272,91.76250565776,3.0,A
N1,100381,link,LRP233a,22.3815271,91.76522220000001,0.0,R
N1,100382,bridge,LRP233a,22.3797011826666,91.7670476533333,8.3,A
N1,100383,link,LRP234,22.379166,91.7675827,455.0000000000125,R
N1,100384,bridge,LRP234a,22.3696841276595,91.7739258709219,3.0,A
N1,100385,link,LRP235,22.369166,91.77419379999999,9619.00000000003,R
N1,100386,bridge,LRP236a,22.3599057425992,91.8522694918171,4.65,C
N1,100387,link,LRP246,22.3561111,91.8531667,85.00000000000796,R
N1,100388,bridge,LRP238a,22.3522674714754,91.852622049836,15.8,A
N1,100389,link,LRP247,22.347388600000002,91.85194440000001,593.0000000000177,R
N1,100390,bridge,LRP239a,22.3395393508599,91.8533871579852,39.67,C
N1,100391,link,LRP248,22.3387497,91.85347220000001,224.00000000001796,R
N1,100392,bridge,LRP240a,22.3357673216494,91.8538536927835,39.4,B
N1,100393,link,LRP249,22.3314716,91.8515556,209.00000000000318,R
N1,100394,bridge,LRP241a,22.3266451369152,91.852759390139,954.5,A
N1,100395,link,LRP250,22.3228327,91.85355559999999,941.0000000000309,R
N1,100396,bridge,LRP242b,22.3129265129032,91.856181916129,17.3,A
N1,100397,link,LRP251a,22.310833300000002,91.8570278,504.0000000000191,R
N1,100398,bridge,LRP243b,22.306457756,91.860449028,15.2,C
N1,100399,link,LRP252a,22.304305600000003,91.8621667,0.0,R
N1,100400,bridge,LRP244a,22.3026235524271,91.8635646970873,3.0,A
N1,100401,link,LRP252b,22.302166699999997,91.86394440000001,0.0,R
N1,100402,bridge,LRP244b,22.3002851293515,91.8652980307167,5.7,B
N1,100403,link,LRP253,22.299888600000003,91.8655833,0.0,R
N1,100404,bridge,LRP244c,22.2975350260563,91.866363031514,3.0,A
N1,100405,link,LRP253a,22.2950274,91.8671938,0.0,R
N1,100406,bridge,LRP245a,22.2932366309133,91.8684360651053,1.5,A
N1,100407,link,LRP254,22.291944100000002,91.8693327,50.99999999998772,R
N1,100408,bridge,LRP245b,22.2916421411764,91.8702911411764,3.0,A
N1,100409,link,LRP254b,22.2916108,91.8711382,0.0,R
N1,100410,bridge,LRP246a,22.2926079302013,91.8730201176733,3.0,A
N1,100411,link,LRP254c,22.293582999999998,91.8748604,0.0,R
N1,100412,bridge,LRP246b,22.2944653526717,91.876717971374,3.0,A
N1,100413,link,LRP254d,22.294638600000003,91.8770827,120.9999999999809,R
N1,100414,bridge,LRP247a,22.2962698699619,91.8807528022813,116.5,C
N1,100415,link,LRP255b,22.298388600000003,91.885583,689.0000000000214,R
N1,100416,bridge,LRP248a,22.2988369230769,91.8873512822898,3.0,B
N1,100417,link,LRP256a,22.3,91.8915552,614.0000000000043,R
N1,100418,bridge,LRP249a,22.3021025781938,91.8992582823788,3.1,B
N1,100419,link,LRP258,22.302722199999998,91.9015556,103.00000000000864,R
N1,100420,bridge,LRP250a,22.3035365502293,91.9044227217889,3.0,A
N1,100421,link,LRP259,22.3053611,91.91063890000001,302.99999999999727,R
N1,100422,bridge,LRP251a,22.3083189877358,91.9142153009434,3.0,A
N1,100423,link,LRP259b,22.309694399999998,91.91575,441.0000000000309,R
N1,100424,bridge,LRP252a,22.3137546831094,91.9203176378118,3.0,A
N1,100425,link,LRP260b,22.3156389,91.9224993,121.00000000003774,R
N1,100426,bridge,LRP252c,22.3157468089473,91.9243524131578,3.0,A
N1,100427,link,LRP261,22.3155556,91.9253882,750.0,R
N1,100428,bridge,LRP253a,22.3137565607999,91.9339832312,5.3,A
N1,100429,link,LRP262,22.31375,91.93452740000001,1617.999999999995,R
N1,100430,bridge,LRP255a,22.3084394099236,91.9483886979643,3.0,A
N1,100431,link,LRP264,22.3067222,91.9491941,2000.0,R
N1,100432,bridge,LRP257a,22.3006016043999,91.9658457726,50.3,B
N1,100433,link,LRP267,22.297944100000002,91.973916,1227.0000000000323,R
N1,100434,bridge,LRP260a,22.2911451997412,91.9833668252263,12.4,A
N1,100435,link,LRP269,22.2878052,91.9883886,400.0000000000341,R
N1,100436,bridge,LRP261a,22.2859320161666,91.992309198,61.0,B
N1,100437,link,LRP270,22.283638600000003,91.9967497,269.9999999999818,R
N1,100438,bridge,LRP262a,22.2811424692972,91.9995571696216,14.0,B
N1,100439,link,LRP271,22.276193799999998,92.00438890000001,484.0000000000373,R
N1,100440,bridge,LRP263b,22.2710895749999,92.00559725,3.0,A
N1,100441,link,LRP272,22.2676104,92.0058056,640.0000000000432,R
N1,100442,bridge,LRP264a,22.2611613745967,92.0073035838709,14.8,C
N1,100443,link,LRP272c,22.2600833,92.0075556,0.0,R
N1,100444,bridge,LRP264c,22.2590515857142,92.0081111238095,9.8,C
N1,100445,link,LRP273,22.259,92.0081389,403.00000000002,R
N1,100446,bridge,LRP265a,22.2549374824626,92.0103021287313,9.2,A
N1,100447,link,LRP273b,22.2538611,92.01125,0.0,R
N1,100448,bridge,LRP265b,22.2531199613981,92.0119718729483,6.0,A
N1,100449,link,LRP274,22.2517222,92.0133333,343.00000000001774,R
N1,100450,bridge,LRP267a,22.2487130149162,92.0158341025875,9.4,A
N1,100451,link,LRP275,22.2449997,92.019166,602.0000000000323,R
N1,100452,bridge,LRP268a,22.24038615762,92.0217918336116,14.0,A
N1,100453,link,LRP275b,22.237194100000004,92.0230549,0.0,R
N1,100454,bridge,LRP268b,22.2366345532374,92.0232647489208,14.0,A
N1,100455,link,LRP276,22.236082999999997,92.0234716,577.9999999999745,R
N1,100456,bridge,LRP269a,22.2314978226851,92.0249656611111,12.7,B
N1,100457,link,LRP277,22.227916,92.0258882,24.00000000000091,R
N1,100458,bridge,LRP269c,22.2260608528604,92.0264650356979,9.4,B
N1,100459,link,LRP277c,22.2240271,92.02708270000001,0.0,R
N1,100460,bridge,LRP270a,22.2222719897959,92.0273785979591,14.0,A
N1,100461,link,LRP278,22.2192493,92.02788819999999,247.99999999999045,R
N1,100462,bridge,LRP271a,22.2155873504854,92.0290230394174,9.2,A
N1,100463,link,LRP278b,22.2131389,92.0304993,833.9999999999463,R
N1,100464,bridge,LRP272a,22.2071026538461,92.03633246993,50.8,D
N1,100465,link,LRP279c,22.2059444,92.03702740000001,116.9999999999618,R
N1,100466,bridge,LRP272c,22.2049837597806,92.0383312340036,9.2,B
N1,100467,link,LRP281,22.197777399999996,92.0433886,2847.000000000037,R
N1,100468,bridge,LRP276a,22.1739178955307,92.0532925435754,12.3,B
N1,100469,link,LRP284,22.1735827,92.0534167,2515.000000000043,R
N1,100470,bridge,LRP279a,22.1586272806451,92.0682063096774,211.0,B
N1,100471,link,LRP286b,22.1580556,92.06861040000001,941.0000000000309,R
N1,100472,bridge,LRP280a,22.1498523145631,92.0696330718446,9.2,A
N1,100473,link,LRP288,22.149138600000004,92.0696104,1253.9999999999623,R
N1,100474,bridge,LRP282a,22.1369522329341,92.0699301281437,12.4,A
N1,100475,link,LRP289b,22.133444100000002,92.0700827,0.0,R
N1,100476,bridge,LRP282c,22.1325208428571,92.0701565366459,15.4,A
N1,100477,link,LRP290,22.1320549,92.0701938,180.00000000000682,R
N1,100478,bridge,LRP282e,22.1299160285714,92.0706024714285,33.65,A
N1,100479,link,LRP290c,22.1285271,92.0708604,31.00000000000591,R
N1,100480,bridge,LRP283a,22.1277338010309,92.0710012276288,27.9,A
N1,100481,link,LRP291,22.1240271,92.07158270000001,9.999999999990905,R
N1,100482,bridge,LRP283c,22.1230775989717,92.071701048329,15.4,A
N1,100483,link,LRP291b,22.1208049,92.0719438,0.0,R
N1,100484,bridge,LRP283d,22.1204875006655,92.0719705134775,20.4,A
N1,100485,link,LRP292,22.1151944,92.072416,0.0,R
N1,100486,bridge,LRP284a,22.1133524851063,92.0726869042553,5.0,A
N1,100487,link,LRP292a,22.1133056,92.0726938,1387.9999999999768,R
N1,100488,bridge,LRP286b,22.09827857,92.074800422,7.2,A
N1,100489,link,LRP293c,22.0977497,92.0750271,641.9999999999959,R
N1,100490,bridge,LRP287a,22.0935775004504,92.0805047995495,11.2,A
N1,100491,link,LRP295,22.092833,92.0812493,1502.0000000000095,R
N1,100492,bridge,LRP288a,22.0840668315789,92.093196937799,2.0,A
N1,100493,link,LRP297,22.0826104,92.0958886,300.00000000001137,R
N1,100494,bridge,LRP289a,22.080520608,92.0984855314285,12.6,A
N1,100495,link,LRP298,22.075221600000003,92.1001944,737.0000000000232,R
N1,100496,bridge,LRP291a,22.0695600813559,92.1042754237288,30.3,B
N1,100497,link,LRP299,22.0686938,92.10525,0.0,R
N1,100498,bridge,LRP291c,22.0679099558303,92.1055530035335,2.0,A
N1,100499,link,LRP299a,22.064166699999998,92.10700000000001,45.000000000015916,R
N1,100500,bridge,LRP291d,22.0637567157894,92.1071061094736,38.8,A
N1,100501,link,LRP299c,22.0605556,92.10780559999999,432.00000000001637,R
N1,100502,bridge,LRP292b,22.0565051155339,92.1090854592233,8.2,A
N1,100503,link,LRP300b,22.052277800000002,92.10911109999999,0.0,R
N1,100504,bridge,LRP293a,22.0519296419354,92.1090613887096,12.6,A
N1,100505,link,LRP301,22.0516944,92.10902779999999,329.9999999999841,R
N1,100506,bridge,LRP293c,22.0483713234624,92.1081938519362,6.0,A
N1,100507,link,LRP301b,22.044971899999997,92.1078333,95.00000000002728,R
N1,100508,bridge,LRP294a,22.0440962566176,92.1070629529411,13.64,A
N1,100509,link,LRP302,22.043444100000002,92.1063056,694.9999999999932,R
N1,100510,bridge,LRP294c,22.0375898525773,92.1039891092783,2.5,A
N1,100511,link,LRP303,22.037083,92.1039722,567.0000000000073,R
N1,100512,bridge,LRP295a,22.031864884656,92.1041246666666,2.5,A
N1,100513,link,LRP303b,22.028916,92.10355559999999,0.0,R
N1,100514,bridge,LRP295b,22.0287013636363,92.1034293272727,68.8,A
N1,100515,link,LRP304,22.028443799999998,92.10327779999999,19.000000000005457,R
N1,100516,bridge,LRP296a,22.0260045474972,92.1026967443826,2.0,A
N1,100517,link,LRP305,22.020666000000002,92.1015556,13.999999999953161,R
N1,100518,bridge,LRP296b,22.0204980278439,92.1014277681473,10.0,A
N1,100519,link,LRP306,22.0153056,92.094833,0.0,R
N1,100520,bridge,LRP298a,22.0078200503225,92.0927765812903,3.0,A
N1,100521,link,LRP306a,22.007722199999996,92.0927497,48.99999999997817,R
N1,100522,bridge,LRP299a,22.0041726139784,92.0905686346236,12.6,A
N1,100523,link,LRP307a,22.003916699999998,92.0904163,0.0,R
N1,100524,bridge,LRP299c,22.00042964,92.0883193766666,6.2,A
N1,100525,link,LRP307b,21.9999441,92.08802740000002,16.000000000019554,R
N1,100526,bridge,LRP300a,21.9958359641681,92.0874589126142,3.0,A
N1,100527,link,LRP308a,21.9951108,92.0873608,16.999999999995907,R
N1,100528,bridge,LRP300d,21.9922334387096,92.0863582073732,58.8,A
N1,100529,link,LRP308c,21.991388600000004,92.086083,78.99999999995089,R
N1,100530,bridge,LRP301a,21.990280244375,92.08568596625,14.2,A
N1,100531,link,LRP309a,21.9893886,92.08533299999999,0.0,R
N1,100532,bridge,LRP301b,21.9870408741379,92.0839943655172,22.0,B
N1,100533,link,LRP309b,21.986221899999997,92.08352740000001,413.0000000000109,R
N1,100534,bridge,LRP302a,21.9819040437735,92.080773326415,22.4,B
N1,100535,link,LRP310a,21.9811104,92.0800271,25.000000000034106,R
N1,100536,bridge,LRP302c,21.9804623633858,92.0788716271653,18.7,A
N1,100537,link,LRP310c,21.979888199999998,92.0778327,0.0,R
N1,100538,bridge,LRP302e,21.979298574269,92.0758492263157,3.5,A
N1,100539,link,LRP310d,21.9789716,92.07474930000001,133.0000000000382,R
N1,100540,bridge,LRP303a,21.9738684029498,92.0683204789577,2.5,A
N1,100541,link,LRP312,21.9729438,92.0670827,170.99999999999227,R
N1,100542,bridge,LRP304b,21.9689581196808,92.0641501117021,1.5,A
N1,100543,link,LRP312b,21.967666,92.0635,265.0000000000432,R
N1,100544,bridge,LRP305a,21.9622138572549,92.0633168764705,22.4,A
N1,100545,link,LRP313a,21.9620278,92.0633611,21.000000000015007,R
N1,100546,bridge,LRP305c,21.9592401112903,92.0652791298387,8.2,A
N1,100547,link,LRP313c,21.9590833,92.0653889,0.0,R
N1,100548,bridge,LRP306a,21.9580321636363,92.0663932818182,3.0,A
N1,100549,link,LRP314,21.9578333,92.0665833,84.99999999997954,R
N1,100550,bridge,LRP306b,21.9520795406909,92.0678138084453,22.3,B
N1,100551,link,LRP314b,21.9516111,92.0678604,324.0000000000123,R
N1,100552,bridge,LRP307a,21.9453993720173,92.0669286609544,1.4,A
N1,100553,link,LRP315a,21.9446663,92.06680490000001,538.9999999999873,R
N1,100554,bridge,LRP308a,21.9360290154471,92.0625427235772,4.5,A
N1,100555,link,LRP316a,21.9354441,92.0623056,0.0,R
N1,100556,bridge,LRP308b,21.9339454415019,92.0616661541501,9.3,A
N1,100557,link,LRP316b,21.9333608,92.0614167,0.0,R
N1,100558,bridge,LRP309a,21.9323086726114,92.0608009579617,4.5,A
N1,100559,link,LRP317,21.932221600000002,92.06075,78.00000000003138,R
N1,100560,bridge,LRP309b,21.93038125,92.0596840375,4.7,A
N1,100561,link,LRP317b,21.929610399999998,92.05927779999999,673.0000000000018,R
N1,100562,bridge,LRP310a,21.9179119605128,92.0597362988034,2.0,A
N1,100563,link,LRP318a,21.9177216,92.05977779999999,0.0,R
N1,100564,bridge,LRP310b,21.9167591663366,92.0599899313531,3.0,A
N1,100565,link,LRP318b,21.9160833,92.06013890000001,146.99999999999136,R
N1,100566,bridge,LRP311a,21.9140727206278,92.0605472089686,4.0,A
N1,100567,link,LRP319a,21.9128611,92.0606667,0.0,R
N1,100568,bridge,LRP311b,21.909622912133,92.0605661266144,9.2,A
N1,100569,link,LRP319b,21.9083889,92.06052779999999,1206.0000000000173,R
N1,100570,bridge,LRP313b,21.8910236519337,92.0597010756906,13.64,A
N1,100571,link,LRP321b,21.890888600000004,92.05966670000001,282.0000000000391,R
N1,100572,bridge,LRP314a,21.8812215213685,92.0590015447779,9.3,A
N1,100573,link,LRP322a,21.8810271,92.05897220000001,178.99999999997362,R
N1,100574,bridge,LRP315a,21.8751197401574,92.0591098413385,3.0,A
N1,100575,link,LRP323a,21.874916,92.0591111,500.99999999997635,R
N1,100576,bridge,LRP316a,21.8628351415656,92.0594848712238,3.0,A
N1,100577,link,LRP324a,21.8625,92.0595,92.99999999996089,R
N1,100578,bridge,LRP317a,21.8599725797297,92.0601907085585,56.2,C
N1,100579,link,LRP325a,21.859722199999997,92.0602778,58.99999999996908,R
N1,100580,bridge,LRP318a,21.8529287900552,92.0609576198894,14.3,A
N1,100581,link,LRP326,21.85275,92.06097220000001,21.000000000015007,R
N1,100582,bridge,LRP318b,21.8508595323144,92.0609491344978,2.1,A
N1,100583,link,LRP326b,21.8505,92.0609444,764.9999999999864,R
N1,100584,bridge,LRP319a,21.8429700741784,92.0635984638497,4.5,A
N1,100585,link,LRP327a,21.842582999999998,92.0638611,0.0,R
N1,100586,bridge,LRP319b,21.8403935683229,92.0649325472049,3.0,A
N1,100587,link,LRP327b,21.8399719,92.06513890000001,482.00000000002774,R
N1,100588,bridge,LRP320a,21.8341033152866,92.0682735910828,15.8,A
N1,100589,link,LRP328a,21.8336663,92.0684438,653.00000000002,R
N1,100590,bridge,LRP321a,21.8280258214285,92.0713035547619,7.3,A
N1,100591,link,LRP329a,21.8256938,92.07238819999999,48.00000000000182,R
N1,100592,bridge,LRP321d,21.8211428750483,92.0740201388781,12.4,A
N1,100593,link,LRP329c,21.8208882,92.07411040000001,149.0000000000009,R
N1,100594,bridge,LRP322a,21.8181692602209,92.0739442353591,14.0,A
N1,100595,link,LRP330a,21.8179716,92.073916,1675.0000000000114,R
N1,100596,bridge,LRP323b,21.8034238025641,92.0772322128205,14.0,A
N1,100597,link,LRP331b,21.8031389,92.0772493,1017.9999999999723,R
N1,100598,bridge,LRP325a,21.787854008387,92.0788540064516,20.6,A
N1,100599,link,LRP333a,21.787388600000003,92.0788882,0.0,R
N1,100600,bridge,LRP325c,21.786997484,92.0789493159999,21.0,A
N1,100601,link,LRP333b,21.7864997,92.07902709999999,138.00000000003365,R
N1,100602,bridge,LRP326a,21.7841953311111,92.0792425355555,14.2,B
N1,100603,link,LRP334a,21.7836941,92.0792771,1319.0000000000168,R
N1,100604,bridge,LRP327a,21.7735339222222,92.0839144733333,15.7,A
N1,100605,link,LRP335d,21.7732771,92.0837219,0.0,R
N1,100606,bridge,LRP328a,21.7715943354948,92.0821099546075,300.0,C
N1,100607,link,LRP336,21.7713049,92.0818327,3129.9999999999955,R
N1,100608,bridge,LRP331a,21.7401466184971,92.0826243745664,9.3,B
N1,100609,link,LRP339a,21.739249700000002,92.0828604,0.0,R
N1,100610,bridge,LRP332a,21.7385629191489,92.0831876319149,14.0,A
N1,100611,link,LRP340,21.738083,92.0834163,50.99999999998772,R
N1,100612,bridge,LRP332b,21.7326068595588,92.0837488330882,5.2,A
N1,100613,link,LRP340b,21.7315827,92.0838052,0.0,R
N1,100614,bridge,LRP332c,21.7309878314917,92.0838156441988,38.8,A
N1,100615,link,LRP340c,21.729999300000003,92.083833,108.00000000000409,R
N1,100616,bridge,LRP333a,21.7240739341074,92.083544148476,12.6,A
N1,100617,link,LRP341a,21.7229438,92.0834719,1343.999999999994,R
N1,100618,bridge,LRP335a,21.7092513759013,92.0806750603415,12.8,A
N1,100619,link,LRP343a,21.708027800000004,92.08005490000001,488.99999999991905,R
N1,100620,bridge,LRP336a,21.7028300370967,92.0786456251612,9.3,A
N1,100621,link,LRP344a,21.7013611,92.07838819999999,2710.0000000000364,R
N1,100622,bridge,LRP339a,21.676279289928,92.0768074748201,59.6,A
N1,100623,link,LRP347a,21.674749300000002,92.0766104,61.99999999995498,R
N1,100624,bridge,LRP339c,21.6721049602836,92.0763992531915,14.0,A
N1,100625,link,LRP347c,21.6704438,92.0762771,129.99999999999545,R
N1,100626,bridge,LRP340a,21.6629404415143,92.075071645953,3.5,A
N1,100627,link,LRP348b,21.6618889,92.074916,143.0000000000291,R
N1,100628,bridge,LRP341a,21.6600543017045,92.0751025664772,54.03,C
N1,100629,link,LRP349a,21.659055600000002,92.0751382,840.0000000000318,R
N1,100630,bridge,LRP342a,21.6508560658227,92.0735619202531,60.03,C
N1,100631,link,LRP350a,21.6497219,92.07330490000001,79.99999999998408,R
N1,100632,bridge,LRP342c,21.6480847609561,92.0733292227091,4.5,A
N1,100633,link,LRP350d,21.6468052,92.0733604,2493.000000000052,R
N1,100634,bridge,LRP345a,21.6225351880109,92.0737034768392,1.45,B
N1,100635,link,LRP353a,21.6213604,92.0724438,266.00000000001955,R
N1,100636,bridge,LRP346a,21.618376660401,92.0691713375939,45.3,B
N1,100637,link,LRP354a,21.617166,92.0679993,545.0000000000159,R
N1,100638,bridge,LRP347a,21.6065189670012,92.0623070695106,7.0,A
N1,100639,link,LRP356,21.6039167,92.0619444,57.00000000001637,R
N1,100640,bridge,LRP348a,21.5985935301507,92.061801241206,9.3,A
N1,100641,link,LRP356b,21.5977219,92.06177779999999,0.0,R
N1,100642,bridge,LRP348b,21.5960736973421,92.0614095408637,14.0,A
N1,100643,link,LRP357,21.5951108,92.0611944,82.00000000005048,R
N1,100644,bridge,LRP349a,21.5894309740196,92.0630313509804,1.4,A
N1,100645,link,LRP357b,21.588583,92.06330559999999,0.0,R
N1,100646,bridge,LRP349b,21.5876028,92.0649047857142,4.5,C
N1,100647,link,LRP358,21.5875274,92.0650278,267.99999999997226,R
N1,100648,bridge,LRP350a,21.5830741250341,92.0657158465116,2.5,A
N1,100649,link,LRP359,21.5791938,92.06680490000001,129.0000000000191,R
N1,100650,bridge,LRP351a,21.5744075162901,92.0707446712247,12.4,A
N1,100651,link,LRP360,21.5717216,92.07180490000002,1019.9999999999818,R
N1,100652,bridge,LRP352a,21.5623201688888,92.0698139251851,9.5,A
N1,100653,link,LRP361a,21.5618056,92.0696382,121.00000000009459,R
N1,100654,bridge,LRP353a,21.5603042595174,92.0691476,4.8,A
N1,100655,link,LRP362,21.5555,92.06797159999999,0.0,R
N1,100656,bridge,LRP354a,21.5554256122448,92.0679503244898,46.0,A
N1,100657,link,LRP362a,21.5553056,92.067916,521.000000000015,R
N1,100658,bridge,LRP354d,21.5470666065573,92.0668953754098,44.6,C
N1,100659,link,LRP363,21.546583,92.0668327,2147.9999999999677,R
N1,100660,bridge,LRP357a,21.5255297395348,92.0653252244186,14.0,A
N1,100661,link,LRP365c,21.5234716,92.0656111,159.00000000004866,R
N1,100662,bridge,LRP357d,21.5207709407407,92.0661440629629,15.4,A
N1,100663,link,LRP366,21.520666000000002,92.0661667,0.0,R
N1,100664,bridge,LRP357f,21.5195088091891,92.0666746302702,5.0,A
N1,100665,link,LRP366a,21.5161111,92.068166,0.0,R
N1,100666,bridge,LRP358a,21.5137419731132,92.069340890566,3.0,A
N1,100667,link,LRP366b,21.512694399999997,92.06986040000001,27.000000000043656,R
N1,100668,bridge,LRP358b,21.5104396976562,92.0708606554687,2.5,A
N1,100669,link,LRP367a,21.5083889,92.07174930000001,204.00000000000773,R
N1,100670,bridge,LRP359a,21.5065069274647,92.0733026419014,7.5,A
N1,100671,link,LRP368,21.505,92.07455490000001,1047.999999999945,R
N1,100672,bridge,LRP360a,21.4957534922651,92.0776785856353,14.0,A
N1,100673,link,LRP370,21.490194100000004,92.08180490000001,1959.9999999999795,R
N1,100674,bridge,LRP363b,21.4782130684357,92.0947151779329,7.2,A
N1,100675,link,LRP372a,21.4767771,92.0957497,0.0,R
N1,100676,bridge,LRP364a,21.4755164496,92.0967866511999,14.0,A
N1,100677,link,LRP372b,21.4750549,92.0971663,0.0,R
N1,100678,bridge,LRP364c,21.4738446327586,92.0980125862068,3.0,A
N1,100679,link,LRP373,21.4713604,92.0997497,80.00000000004093,R
N1,100680,bridge,LRP364d,21.470055530337,92.1006402232209,57.6,A
N1,100681,link,LRP373c,21.466721600000003,92.1025,0.0,R
N1,100682,bridge,LRP365a,21.4655415307901,92.1026566882833,14.0,B
N1,100683,link,LRP374,21.4635833,92.10291670000001,1771.0000000000719,R
N1,100684,bridge,LRP367a,21.4505569351351,92.0994681432432,9.2,A
N1,100685,link,LRP376,21.449610800000002,92.0994997,654.9999999999727,R
N1,100686,bridge,LRP368a,21.4433865625,92.1012678785714,1.5,A
N1,100687,link,LRP376c,21.4421663,92.10086109999999,0.0,R
N1,100688,bridge,LRP368c,21.4418389714285,92.1007083571428,58.6,B
N1,100689,link,LRP376d,21.4417497,92.1006667,528.9999999999964,R
N1,100690,bridge,LRP369a,21.4372009552325,92.0983672723837,3.0,A
N1,100691,link,LRP377b,21.434583,92.09738859999999,0.0,R
N1,100692,bridge,LRP369b,21.4342084624161,92.0972607067114,2.5,A
N1,100693,link,LRP378,21.433444100000003,92.0969997,285.000000000025,R
N1,100694,bridge,LRP369c,21.4308087593886,92.0961182921397,7.2,A
N1,100695,link,LRP378b,21.429027100000003,92.09549969999999,0.0,R
N1,100696,bridge,LRP370a,21.4288400316455,92.0953913860759,3.5,A
N1,100697,link,LRP378c,21.428499300000002,92.0951941,112.99999999999955,R
N1,100698,bridge,LRP370c,21.4283515971831,92.0940714267605,12.8,A
N1,100699,link,LRP379,21.428110399999998,92.0914719,191.00000000008777,R
N1,100700,bridge,LRP370e,21.427895984,92.089450816,18.8,A
N1,100701,link,LRP379b,21.427888199999998,92.08938859999999,560.9999999999786,R
N1,100702,bridge,LRP371a,21.4271063768115,92.0840258231884,8.2,A
N1,100703,link,LRP380,21.4269716,92.0821104,175.99999999998772,R
N1,100704,bridge,LRP371c,21.4267747132812,92.0804427367187,7.4,A
N1,100705,link,LRP380b,21.426471600000003,92.0767771,0.0,R
N1,100706,bridge,LRP372a,21.4264716,92.0767771,12.4,A
N1,100707,link,LRP381,21.4267216,92.0730827,0.0,R
N1,100708,bridge,LRP372c,21.4273654498084,92.0708934808429,9.4,A
N1,100709,link,LRP381a,21.427416,92.07072159999998,739.0000000000327,R
N1,100710,bridge,LRP373a,21.4271759977099,92.0634431893129,2.0,A
N1,100711,link,LRP382a,21.4270827,92.0632778,0.0,R
N1,100712,bridge,LRP373b,21.4273089357414,92.0610656669201,6.8,A
N1,100713,link,LRP382b,21.427332699999997,92.0608333,0.0,R
N1,100714,bridge,LRP374a,21.4278354522255,92.0579673860534,16.6,A
N1,100715,link,LRP382c,21.427888199999998,92.0576667,0.0,R
N1,100716,bridge,LRP374c,21.4280296848739,92.0557570361344,18.6,A
N1,100717,link,LRP382d,21.4280549,92.0554167,29.000000000053205,R
N1,100718,bridge,LRP374e,21.4280584948275,92.0532281715517,7.2,A
N1,100719,link,LRP383a,21.4280549,92.0529444,0.0,R
N1,100720,bridge,LRP375a,21.4275245,92.0486482172786,13.0,A
N1,100721,link,LRP383b,21.4274993,92.0484441,290.00000000002046,R
N1,100722,bridge,LRP375c,21.4294452102564,92.0443807192307,10.9,A
N1,100723,link,LRP384a,21.4295549,92.044083,0.0,R
N1,100724,bridge,LRP376a,21.4297884,92.0395945696,9.2,A
N1,100725,link,LRP384b,21.4298049,92.0392774,478.00000000000864,R
N1,100726,bridge,LRP377a,21.4294033629834,92.0318887491712,148.5,A
N1,100727,link,LRP385b,21.429443799999998,92.0316104,141.0000000000764,R
N1,100728,bridge,LRP377c,21.4303257834586,92.0296206984962,3.5,A
N1,100729,link,LRP385d,21.430416,92.02930490000001,105.9999999999377,R
N1,100730,bridge,LRP377d,21.4301539217391,92.0283434956521,10.3,A
N1,100731,link,LRP386a,21.429888199999997,92.02797159999999,0.0,R
N1,100732,bridge,LRP377f,21.426498621044,92.0238834076672,9.0,A
N1,100733,link,LRP386b,21.426249300000002,92.0235827,78.00000000003138,R
N1,100734,bridge,LRP378a,21.423063061512,92.0267879589347,4.5,C
N1,100735,link,LRP387a,21.4225549,92.0274438,397.0000000000482,R
N1,100736,bridge,LRP379a,21.4194017834586,92.031682906015,2.4,C
N1,100737,link,LRP388a,21.419110399999997,92.032416,0.0,R
N1,100738,bridge,LRP379b,21.4170232427616,92.0347260730512,7.2,B
N1,100739,link,LRP388b,21.4165,92.0353052,0.0,R
N1,100740,bridge,LRP379c,21.4161167631868,92.0359357093406,8.1,C
N1,100741,link,LRP388c,21.4156389,92.0367219,134.9999999999909,R
N1,100742,bridge,LRP380a,21.4142599314893,92.0386736859574,10.9,A
N1,100743,link,LRP389a,21.413583300000003,92.0393886,0.0,R
N1,100744,bridge,LRP380c,21.4124968430517,92.0395268517711,8.3,A
N1,100745,link,LRP389b,21.412055600000002,92.039583,220.00000000002728,R
N1,100746,bridge,LRP380e,21.4110029325153,92.0443379558282,8.3,B
N1,100747,link,LRP389e,21.4103056,92.0453052,56.99999999995953,R
N1,100748,bridge,LRP381a,21.4102488567901,92.0480366814814,2.2,B
N1,100749,link,LRP390a,21.41025,92.04805520000001,0.0,R
N1,100750,bridge,LRP381b,21.4102981858461,92.0496622239999,8.2,A
N1,100751,link,LRP390b,21.4103333,92.0508333,0.0,R
N1,100752,bridge,LRP381c,21.4099236838827,92.0518884435897,1.9,A
N1,100753,link,LRP390c,21.409416699999998,92.0531944,180.00000000000682,R
N1,100754,bridge,LRP382a,21.4088399161904,92.0550238095238,3.0,A
N1,100755,link,LRP391a,21.4079722,92.056,0.0,R
N1,100756,bridge,LRP382b,21.4079574071005,92.0560124923076,2.8,A
N1,100757,link,LRP391b,21.406722199999997,92.0570556,0.0,R
N1,100758,bridge,LRP382c,21.4063607143344,92.0580467784983,10.0,D
N1,100759,link,LRP391c,21.4058611,92.0594167,0.0,R
N1,100760,bridge,LRP383a,21.4041499171641,92.0618387037313,1.6,A
N1,100761,link,LRP392,21.4040556,92.06197220000001,156.99999999998226,R
N1,100762,bridge,LRP383b,21.402009374844,92.0647406251559,3.6,A
N1,100763,link,LRP392b,21.400888899999998,92.06586109999999,0.0,R
N1,100764,bridge,LRP383c,21.4001878992395,92.0660829174905,8.0,C
N1,100765,link,LRP392c,21.398694100000004,92.0665556,200.00000000004547,R
N1,100766,bridge,LRP384a,21.3950144227586,92.0675884137931,8.3,A
N1,100767,link,LRP393a,21.393333,92.068166,0.0,R
N1,100768,bridge,LRP384b,21.3908555107438,92.0684757008264,22.0,C
N1,100769,link,LRP393b,21.3891108,92.06869379999999,17.99999999997226,R
N1,100770,bridge,LRP385a,21.3888052,92.0689623,2.7,C
N1,100771,link,LRP394,21.388527399999997,92.0692771,0.0,R
N1,100772,bridge,LRP385b,21.3874538459459,92.0697162891891,2.7,B
N1,100773,link,LRP394a,21.3873052,92.0697771,0.0,R
N1,100774,bridge,LRP385c,21.386218603409,92.0702884892045,2.9,C
N1,100775,link,LRP394b,21.3858886,92.07044379999999,0.0,R
N1,100776,bridge,LRP385d,21.3856411333333,92.0704543196078,1.8,C
N1,100777,link,LRP394c,21.384583,92.07049930000001,0.0,R
N1,100778,bridge,LRP385e,21.3844064618421,92.0705223447368,2.8,B
N1,100779,link,LRP394d,21.3839441,92.0705827,0.0,R
N1,100780,bridge,LRP385f,21.3831050828947,92.0708809157894,1.8,B
N1,100781,link,LRP394e,21.3826938,92.0710271,197.99999999992224,R
N1,100782,bridge,LRP386a,21.3808422435754,92.0709982664804,0.8,A
N1,100783,link,LRP395,21.3796104,92.0706104,0.0,R
N1,100784,bridge,LRP386c,21.3793128,92.0704913857142,1.5,A
N1,100785,link,LRP395a,21.378916,92.07033270000001,0.0,R
N1,100786,bridge,LRP386d,21.3778510915584,92.0703548240259,2.2,C
N1,100787,link,LRP395b,21.377582699999998,92.0703604,38.99999999998727,R
N1,100788,bridge,LRP386e,21.3768882285714,92.0711223285714,1.5,A
N1,100789,link,LRP395d,21.3762216,92.07180490000002,164.99999999996362,R
N1,100790,bridge,LRP386g,21.3750850565217,92.0730282999999,2.4,C
N1,100791,link,LRP395f,21.3747771,92.0734993,64.99999999999773,R
N1,100792,bridge,LRP387a,21.3745372352601,92.0740615132948,1.3,A
N1,100793,link,LRP395h,21.374249300000002,92.07552709999999,15.99999999996271,R
N1,100794,bridge,LRP387c,21.3737957588607,92.0766236613924,1.3,C
N1,100795,link,LRP396a,21.373693799999998,92.07683270000001,82.99999999996999,R
N1,100796,bridge,LRP387d,21.3724168458515,92.0778930973799,1.3,C
N1,100797,link,LRP396c,21.3714993,92.07855490000001,0.0,R
N1,100798,bridge,LRP387e,21.3706902708737,92.0790672786407,1.3,A
N1,100799,link,LRP396d,21.3698327,92.0796104,0.0,R
N1,100800,bridge,LRP387f,21.3697436389312,92.0796434824427,1.3,A
N1,100801,link,LRP396e,21.3678882,92.0803327,0.0,R
N1,100802,bridge,LRP388b,21.367599241791,92.0804686731343,1.3,B
N1,100803,link,LRP396f,21.366943799999998,92.08077709999999,148.00000000002456,R
N1,100804,bridge,LRP388c,21.3649267960264,92.0813617278145,7.1,C
N1,100805,link,LRP397b,21.3644167,92.081416,0.0,R
N1,100806,bridge,LRP388d,21.3641002252199,92.0813316052785,1.3,B
N1,100807,link,LRP397c,21.3615,92.0806382,0.0,R
N1,100808,bridge,LRP388e,21.3613004264018,92.0805440936915,1.6,B
N1,100809,link,LRP397d,21.3580833,92.07902709999999,204.00000000000773,R
N1,100810,bridge,LRP389d,21.3562553024,92.0790827,4.0,A
N1,100811,link,LRP398c,21.35525,92.0790827,305.0000000000068,R
N1,100812,bridge,LRP390a,21.3500251952038,92.0784342935251,21.5,C
N1,100813,link,LRP399,21.3490552,92.07847159999999,338.0000000000223,R
N1,100814,bridge,LRP390c,21.3453322117757,92.0789703396261,11.3,C
N1,100815,link,LRP399c,21.3414997,92.0788327,390.9999999999627,R
N1,100816,bridge,LRP391c,21.3365566114155,92.0789637010654,2.3,B
N1,100817,link,LRP400b,21.3324716,92.0790827,354.00000000004184,R
N1,100818,bridge,LRP393a,21.3269177037394,92.0819708735826,45.6,C
N1,100819,link,LRP402,21.324666,92.084583,160.99999999994452,R
N1,100820,bridge,LRP393c,21.3237869258823,92.0857429782352,5.0,C
N1,100821,link,LRP402c,21.320749300000003,92.0893052,0.0,R
N1,100822,bridge,LRP394c,21.3205831278931,92.0894967632047,1.3,B
N1,100823,link,LRP403,21.3187493,92.0916108,216.9999999999277,R
N1,100824,bridge,LRP394e,21.3162096661991,92.0939592732117,49.3,C
N1,100825,link,LRP403d,21.3125,92.096333,295.99999999999227,R
N1,100826,bridge,LRP395a,21.308226843421,92.0972648315789,2.4,B
N1,100827,link,LRP404b,21.303972199999997,92.0967497,22.999999999967713,R
N1,100828,bridge,LRP396a,21.3035165189189,92.0968487459459,2.3,C
N1,100829,link,LRP405a,21.298944100000003,92.0976108,508.0000000000382,R
N1,100830,bridge,LRP398a,21.2887748,92.0999549688796,14.1,A
N1,100831,link,LRP407,21.2863608,92.1001667,275.0000000000341,R
N1,100832,bridge,LRP398d,21.2837382315436,92.1005546348993,10.3,A
N1,100833,link,LRP407b,21.282777512080536,92.10067986442951,609.0000000000373,R
N1,100834,bridge,LRP400a,21.2740057908634,92.1044223449799,14.0,A
N1,100835,link,LRP409,21.269582699999997,92.1066111,333.00000000002683,R
N1,100836,bridge,LRP400e,21.2676412724612,92.1091529913941,11.1,C
N1,100837,link,LRP409d,21.2646111,92.1134444,401.00000000001046,R
N1,100838,bridge,LRP402a,21.2600473697902,92.1189860875524,6.6,C
N1,100839,link,LRP411,21.2580278,92.1214438,0.0,R
N1,100840,bridge,LRP402c,21.2570550964285,92.1224165035714,17.0,A
N1,100841,link,LRP411a,21.256555600000002,92.122916,12.999999999919964,R
N1,100842,bridge,LRP403a,21.2552064351464,92.1243872108786,2.4,A
N1,100843,link,LRP411c,21.2550278,92.1245827,0.0,R
N1,100844,bridge,LRP403b,21.2538028,92.12659709,11.1,C
N1,100845,link,LRP411d,21.2537778,92.1266382,413.0000000000109,R
N1,100846,bridge,LRP403d,21.2504537,92.1307493,8.5,C
N1,100847,link,LRP412c,21.2504167,92.1307493,0.0,R
N1,100848,bridge,LRP404a,21.2489644871959,92.1328410912932,2.4,C
N1,100849,link,LRP412d,21.248082999999998,92.1341108,54.00000000003047,R
N1,100850,bridge,LRP404b,21.2457262593333,92.1373042073333,20.7,B
N1,100851,link,LRP413a,21.2447497,92.1389441,2685.0000000000023,R
N1,100852,bridge,LRP408a,21.2308784786138,92.1607571460396,2.0,A
N1,100853,link,LRP417,21.2283604,92.1617222,473.99999999998954,R
N1,100854,bridge,LRP409a,21.2215199757575,92.1617032590909,2.2,B
N1,100855,link,LRP418,21.2198049,92.1618611,0.0,R
N1,100856,bridge,LRP409b,21.218960082,92.162077758,10.9,C
N1,100857,link,LRP418a,21.2165556,92.1626944,0.0,R
N1,100858,bridge,LRP410a,21.2160115861386,92.1636641564356,2.0,A
N1,100859,link,LRP418b,21.215277800000003,92.16497220000001,0.0,R
N1,100860,bridge,LRP410b,21.2149359632653,92.1655512030612,1.8,A
N1,100861,link,LRP418c,21.2142778,92.166666,578.0000000000314,R
N1,100862,bridge,LRP411a,21.2063047283582,92.1700180179104,6.4,A
N1,100863,link,LRP420,21.2056389,92.1703327,0.0,R
N1,100864,bridge,LRP411b,21.2043409872865,92.1703567258064,2.2,A
N1,100865,link,LRP420a,21.2011389,92.170416,373.0000000000473,R
N1,100866,bridge,LRP412b,21.197632418584,92.1705772646017,38.7,C
N1,100867,link,LRP421,21.196944100000003,92.1707493,47.000000000025466,R
N1,100868,bridge,LRP412d,21.1953155305785,92.1705074661157,3.0,A
N1,100869,link,LRP421b,21.1925552,92.16972159999999,41.99999999997317,R
N1,100870,bridge,LRP413a,21.1907730988505,92.1680703199233,9.4,A
N1,100871,link,LRP421d,21.1906108,92.167916,173.00000000000182,R
N1,100872,bridge,LRP413b,21.1888919350109,92.1658773557987,15.4,D
N1,100873,link,LRP422a,21.186638600000002,92.1638056,569.0000000000168,R
N1,100874,bridge,LRP414a,21.1839744314735,92.1593026449213,1.2,A
N1,100875,link,LRP423a,21.178666,92.1574722,0.0,R
N1,100876,bridge,LRP415b,21.177417156701,92.1570372113402,3.1,B
N1,100877,link,LRP424,21.1761938,92.15661109999999,0.0,R
N1,100878,bridge,LRP415c,21.1754208098765,92.1562526135802,48.2,D
N1,100879,link,LRP424a,21.1742771,92.15572220000001,0.0,R
N1,100880,bridge,LRP416a,21.1724828063829,92.1552940329787,9.4,C
N1,100881,link,LRP424b,21.1718327,92.15513890000001,0.0,R
N1,100882,bridge,LRP416b,21.1703723502057,92.1547387765432,21.5,A
N1,100883,link,LRP424c,21.1698049,92.1545833,47.999999999944976,R
N1,100884,bridge,LRP416d,21.1688213638709,92.153662396129,9.4,B
N1,100885,link,LRP424e,21.168416,92.1532778,0.0,R
N1,100886,bridge,LRP416e,21.168232930909,92.1531459818181,3.0,A
N1,100887,link,LRP425,21.1677216,92.1527778,64.99999999999773,R
N1,100888,bridge,LRP416f,21.1666653482213,92.1523376486166,9.3,B
N1,100889,link,LRP425b,21.1652222,92.1521667,0.0,R
N1,100890,bridge,LRP417b,21.16498780625,92.152190071875,4.6,A
N1,100891,link,LRP425c,21.1649444,92.1521944,283.9999999999918,R
N1,100892,bridge,LRP417c,21.1619757444915,92.1523314669491,1.25,C
N1,100893,link,LRP425f,21.1604167,92.1525,0.0,R
N1,100894,bridge,LRP417d,21.1602045009259,92.1525257175926,3.0,A
N1,100895,link,LRP426,21.1595,92.15261109999999,93.99999999999409,R
N1,100896,bridge,LRP417e,21.1584534746478,92.1525195633802,3.0,C
N1,100897,link,LRP426c,21.1556389,92.1527778,216.9999999999277,R
N1,100898,bridge,LRP418a,21.1524632792452,92.1534145867924,9.4,C
N1,100899,link,LRP426e,21.1521944,92.15352779999999,198.00000000003593,R
N1,100900,bridge,LRP418b,21.1498906490706,92.1552156215613,15.2,C
N1,100901,link,LRP427a,21.147333,92.1574167,468.99999999993724,R
N1,100902,bridge,LRP419c,21.1425462548387,92.159429216129,3.3,B
N1,100903,link,LRP428a,21.1414997,92.1599167,60.99999999997863,R
N1,100904,bridge,LRP420a,21.1408647661691,92.1605222283582,15.4,C
N1,100905,link,LRP428c,21.1381108,92.1648611,0.0,R
N1,100906,bridge,LRP420e,21.1380664956896,92.1651978,1.2,A
N1,100907,link,LRP429,21.137971899999997,92.1659167,0.0,R
N1,100908,bridge,LRP420f,21.1379210829268,92.1663534195121,32.0,C
N1,100909,link,LRP429a,21.137832999999997,92.1671104,0.0,R
N1,100910,bridge,LRP421a,21.1376124564885,92.1680587053435,12.3,D
N1,100911,link,LRP429b,21.1375552,92.16830490000001,0.0,R
N1,100912,bridge,LRP421c,21.1373350498154,92.1700112125461,1.2,C
N1,100913,link,LRP429c,21.137221899999997,92.1708882,350.00000000002274,R
N1,100914,bridge,LRP421d,21.1366125359375,92.1745027796875,15.2,B
N1,100915,link,LRP430,21.136388600000004,92.1752493,31.999999999982265,R
N1,100916,bridge,LRP421f,21.1360412976525,92.1760569938967,4.8,A
N1,100917,link,LRP430b,21.135388600000002,92.1770827,0.0,R
N1,100918,bridge,LRP422a,21.1349149157894,92.1779379605263,1.3,C
N1,100919,link,LRP430c,21.133388600000004,92.1806938,449.99999999998863,R
N1,100920,bridge,LRP422c,21.1318968873563,92.1846917362069,4.7,B
N1,100921,link,LRP431b,21.130971600000002,92.18569409999999,0.0,R
N1,100922,bridge,LRP423a,21.1299737216216,92.1868158522522,1.2,C
N1,100923,link,LRP432,21.1269438,92.1902219,12.000000000057298,R
N1,100924,bridge,LRP424a,21.125103688724,92.1913674700296,6.4,D
N1,100925,link,LRP432b,21.1242771,92.1918886,40.99999999999682,R
N1,100926,bridge,LRP424b,21.1237604940298,92.1921588880597,3.35,A
N1,100927,link,LRP432d,21.1229993,92.1926663,0.0,R
N1,100928,bridge,LRP424c,21.1229108079646,92.1927223495575,13.0,C
N1,100929,link,LRP432e,21.122166,92.1931941,0.0,R
N1,100930,bridge,LRP424g,21.1215698917647,92.1935169658823,73.3,C
N1,100931,link,LRP432f,21.1214993,92.1935552,394.00000000000546,R
N1,100932,bridge,LRP425a,21.1184609383419,92.1962922290155,3.4,A
N1,100933,link,LRP433b,21.1175827,92.19666629999999,178.00000000005411,R
N1,100934,bridge,LRP425b,21.1159743461538,92.1970744923076,2.8,A
N1,100935,link,LRP433e,21.115833300000002,92.19713859999999,165.00000000002046,R
N1,100936,bridge,LRP425c,21.1145580496021,92.1980208315649,12.8,D
N1,100937,link,LRP434,21.1121111,92.2002778,0.0,R
N1,100938,bridge,LRP425e,21.1118930148936,92.2005928021276,1.2,A
N1,100939,link,LRP434a,21.1118611,92.2006389,0.0,R
N1,100940,bridge,LRP426a,21.1108101507936,92.2020956942857,1.2,A
N1,100941,link,LRP434b,21.1090556,92.2045278,0.0,R
N1,100942,bridge,LRP426c,21.108771344186,92.2048378697674,2.8,A
N1,100943,link,LRP434c,21.107833300000003,92.20586109999999,0.0,R
N1,100944,bridge,LRP426e,21.1078333,92.2061073045454,1.2,A
N1,100945,link,LRP434d,21.107833300000003,92.2069444,134.00000000001455,R
N1,100946,bridge,LRP427a,21.1052944333333,92.20739816,1.2,C
N1,100947,link,LRP435b,21.104361100000002,92.2075278,206.99999999999363,R
N1,100948,bridge,LRP427b,21.1020295703488,92.2079394552325,34.2,C
N1,100949,link,LRP435d,21.101277800000002,92.20813890000001,0.0,R
N1,100950,bridge,LRP427d,21.1005774145454,92.208578050909,3.0,A
N1,100951,link,LRP435e,21.099638600000002,92.2091667,0.0,R
N1,100952,bridge,LRP427e,21.0988710315789,92.2096579157894,1.2,A
N1,100953,link,LRP436,21.0975552,92.2105,27.999999999963165,R
N1,100954,bridge,LRP428a,21.0950312659147,92.2114600974937,2.7,A
N1,100955,link,LRP436b,21.0939441,92.2118611,36.000000000001364,R
N1,100956,bridge,LRP428c,21.0923827310126,92.2123111474683,4.2,A
N1,100957,link,LRP436d,21.0923052,92.2123333,0.0,R
N1,100958,bridge,LRP428d,21.0905260238297,92.2128845902127,2.7,A
N1,100959,link,LRP436e,21.090332999999998,92.2129444,144.00000000000546,R
N1,100960,bridge,LRP429a,21.088867034104,92.213695567052,1.2,A
N1,100961,link,LRP437a,21.0864997,92.21511109999999,67.99999999992679,R
N1,100962,bridge,LRP429d,21.0844125039525,92.2159198454545,14.0,A
N1,100963,link,LRP437c,21.0838608,92.21611109999999,0.0,R
N1,100964,bridge,LRP429f,21.0822419459459,92.2166012177177,1.2,A
N1,100965,link,LRP438,21.0811104,92.2169438,0.0,R
N1,100966,bridge,LRP430a,21.0804429857142,92.2174040714285,1.0,A
N1,100967,link,LRP438a,21.0803049,92.2174993,0.0,R
N1,100968,bridge,LRP430b,21.079224345977,92.2181232950191,1.0,A
N1,100969,link,LRP438b,21.0783327,92.2186382,59.00000000002592,R
N1,100970,bridge,LRP430c,21.077282565,92.2199300692307,3.0,A
N1,100971,link,LRP438d,21.0765549,92.2209993,0.0,R
N1,100972,bridge,LRP430d,21.0757171602316,92.2214353972973,6.1,C
N1,100973,link,LRP438e,21.0745271,92.22205490000002,0.0,R
N1,100974,bridge,LRP431a,21.0741777849315,92.2222489445205,5.8,A
N1,100975,link,LRP439,21.0735271,92.22261040000001,110.00000000001364,R
N1,100976,bridge,LRP431b,21.0724929467032,92.2235128087912,1.3,A
N1,100977,link,LRP439b,21.071666,92.22422159999999,0.0,R
N1,100978,bridge,LRP431c,21.071231875641,92.2242923685897,5.8,B
N1,100979,link,LRP439c,21.0691104,92.2246382,473.99999999998954,R
N1,100980,bridge,LRP432a,21.0650398482758,92.2245345498084,1.2,A
N1,100981,link,LRP440b,21.063000000000002,92.2254993,188.00000000004502,R
N1,100982,bridge,LRP432b,21.0598736617647,92.2263822093137,30.9,C
N1,100983,link,LRP440d,21.059777800000003,92.2263882,14.999999999986358,R
N1,100984,bridge,LRP433a,21.0579897631578,92.226509045614,1.2,C
N1,100985,link,LRP441,21.0565833,92.2266104,0.0,R
N1,100986,bridge,LRP433b,21.0562943527173,92.2266452831521,9.4,D
N1,100987,link,LRP441a,21.054972199999998,92.2268049,0.0,R
N1,100988,bridge,LRP433c,21.0542867597222,92.2274586981481,11.8,B
N1,100989,link,LRP441b,21.0513611,92.2302493,226.99999999997544,R
N1,100990,bridge,LRP434a,21.0508486063492,92.233513137037,1.2,C
N1,100991,link,LRP442b,21.0507222,92.2338608,327.99999999997453,R
N1,100992,bridge,LRP434b,21.0464598480314,92.23512063937,31.7,C
N1,100993,link,LRP442d,21.0446941,92.2356941,86.99999999998909,R
N1,100994,bridge,LRP435a,21.0422652012594,92.2367552062972,1.2,C
N1,100995,link,LRP443a,21.0407497,92.2374997,0.0,R
N1,100996,bridge,LRP435b,21.0404408514814,92.2376541207407,1.2,C
N1,100997,link,LRP443b,21.0363608,92.2396941,41.00000000005366,R
N1,100998,bridge,LRP436a,21.0340308457564,92.2407063719557,32.1,B
N1,100999,link,LRP444,21.0338608,92.24077740000001,435.9999999999786,R
N1,101000,bridge,LRP437a,21.0279544680791,92.2415858245762,4.4,A
N1,101001,link,LRP444c,21.026943799999998,92.2416941,0.0,R
N1,101002,bridge,LRP437b,21.0256598717703,92.2418041698564,2.9,A
N1,101003,link,LRP445,21.0249993,92.2418608,278.99999999999636,R
N1,101004,bridge,LRP438a,21.0198087471074,92.2428140276859,2.8,A
N1,101005,link,LRP446,21.0186104,92.2431386,0.0,R
N1,101006,bridge,LRP438b,21.0173417560386,92.2438384763284,2.8,A
N1,101007,link,LRP446a,21.016999300000002,92.24402740000001,0.0,R
N1,101008,bridge,LRP438c,21.015929034375,92.2447567,1.9,A
N1,101009,link,LRP446b,21.0150833,92.245333,697.9999999999791,R
N1,101010,bridge,LRP439a,21.0097686468354,92.2495377240506,45.6,C
N1,101011,link,LRP447b,21.0078889,92.251,201.00000000002183,R
N1,101012,bridge,LRP439c,21.0058252962264,92.252279838915,2.8,B
N1,101013,link,LRP448,21.0029444,92.2531944,0.0,R
N1,101014,bridge,LRP440a,20.9994058966292,92.2537214265168,12.5,C
N1,101015,link,LRP448a,20.9990274,92.2537778,586.9999999999891,R
N1,101016,bridge,LRP441a,20.9893582625336,92.2545712327493,29.9,C
N1,101017,link,LRP449a,20.987527399999998,92.2545556,277.00000000004366,R
N1,101018,bridge,LRP442a,20.9813317189461,92.2521134830717,1.2,C
N1,101019,link,LRP450a,20.9778049,92.25075,108.00000000000409,R
N1,101020,bridge,LRP443c,20.9759372216027,92.2499898655052,2.8,A
N1,101021,link,LRP451a,20.9697216,92.2485552,0.0,R
N1,101022,bridge,LRP444a,20.9691570827586,92.2486529011494,1.2,A
N1,101023,link,LRP452,20.9682771,92.2488052,0.0,R
N1,101024,bridge,LRP444b,20.967853415126,92.2489720949579,8.8,B
N1,101025,link,LRP452a,20.9673604,92.2491663,41.99999999997317,R
N1,101026,bridge,LRP444c,20.9655685949554,92.2508723928783,1.2,A
N1,101027,link,LRP452c,20.9648611,92.25152779999999,0.0,R
N1,101028,bridge,LRP444e,20.9641892820433,92.2518817702786,1.2,A
N1,101029,link,LRP452d,20.962277800000003,92.2528889,31.00000000000591,R
N1,101030,bridge,LRP445a,20.9614231446428,92.2532539928571,9.2,A
N1,101031,link,LRP453,20.9606389,92.2535,0.0,R
N1,101032,bridge,LRP445b,20.9599449953642,92.2537187390728,41.75,C
N1,101033,link,LRP453a,20.958083300000002,92.2543056,0.0,R
N1,101034,bridge,LRP445d,20.9571000129411,92.2546526588235,1.2,A
N1,101035,link,LRP453b,20.9566667,92.2548056,0.0,R
N1,101036,bridge,LRP446a,20.9549388422619,92.2555312529762,7.5,A
N1,101037,link,LRP453c,20.9538889,92.2559722,563.9999999999645,R
N1,101038,bridge,LRP446b,20.9491451322709,92.2584208880478,35.5,A
N1,101039,link,LRP454b,20.9482774,92.2589167,0.0,R
N1,101040,bridge,LRP446d,20.9481536869565,92.2592633282608,1.5,A
N1,101041,link,LRP454c,20.948138600000004,92.2593056,0.0,R
N1,101042,bridge,LRP447a,20.9470947924242,92.2597883075757,2.7,A
N1,101043,link,LRP454d,20.9459163,92.2603333,0.0,R
N1,101044,bridge,LRP447b,20.9458507925133,92.2603333,1.2,A
N1,101045,link,LRP455,20.9445552,92.2603333,99.00000000004638,R
N1,101046,bridge,LRP447c,20.9427885228723,92.260596812234,38.6,C
N1,101047,link,LRP455b,20.937388600000002,92.2623333,0.0,R
N1,101048,bridge,LRP448a,20.93730526,92.26237497,51.0,B
N1,101049,link,LRP455c,20.9371108,92.2624722,477.00000000008913,R
N1,101050,bridge,LRP448c,20.9324260319587,92.2636134,13.5,A
N1,101051,link,LRP456e,20.929666,92.2641111,37.00000000003456,R
N1,101052,bridge,LRP449d,20.9281373875,92.264301196875,34.8,C
N1,101053,link,LRP457,20.9270827,92.2644444,0.0,R
N1,101054,bridge,LRP449f,20.9253890280839,92.2649451585301,2.7,D
N1,101055,link,LRP457a,20.923888199999997,92.2653889,50.99999999998772,R
N1,101056,bridge,LRP450a,20.9209276456603,92.2674528079245,37.6,C
N1,101057,link,LRP457c,20.9195827,92.268416,72.00000000005957,R
N1,101058,bridge,LRP450c,20.9188881999999,92.26870765,1.2,A
N1,101059,link,LRP458,20.9187771,92.2687771,0.0,R
N1,101060,bridge,LRP450d,20.91799614,92.2691008942857,6.0,A
N1,101061,link,LRP458a,20.9176382,92.2692493,0.0,R
N1,101062,bridge,LRP450e,20.9167064980392,92.2698571431372,6.0,A
N1,101063,link,LRP458b,20.915722199999998,92.2704993,37.99999999995407,R
N1,101064,bridge,LRP451a,20.9153707224137,92.2707239706896,1.2,B
N1,101065,link,LRP458d,20.9136389,92.27186040000001,82.99999999996999,R
N1,101066,bridge,LRP451c,20.9126751559322,92.2727211220339,34.3,B
N1,101067,link,LRP458f,20.9123889,92.27297159999999,25.999999999953616,R
N1,101068,bridge,LRP451e,20.9116242986547,92.2733424008968,1.3,A
N1,101069,link,LRP459a,20.9088889,92.275166,47.00000000008231,R
N1,101070,bridge,LRP452a,20.908032127731,92.2756905852941,30.0,A
N1,101071,link,LRP459c,20.90675,92.2764993,0.0,R
N1,101072,bridge,LRP452d,20.9059771479674,92.2770855585365,2.8,A
N1,101073,link,LRP459d,20.9059444,92.2771104,0.0,R
N1,101074,bridge,LRP452e,20.9053051369863,92.2775738958904,2.8,A
N1,101075,link,LRP460,20.9048333,92.277916,17.00000000005275,R
N1,101076,bridge,LRP452f,20.9045718551546,92.2780768381443,17.5,C
N1,101077,link,LRP460b,20.9033333,92.2789438,0.0,R
N1,101078,bridge,LRP452i,20.9032027737864,92.2790446582524,6.1,A
N1,101079,link,LRP460c,20.9027222,92.279416,0.0,R
N1,101080,bridge,LRP452j,20.9018849327974,92.2798735897106,23.0,A
N1,101081,link,LRP460d,20.9003333,92.28072159999999,449.99999999998863,R
N1,101082,bridge,LRP453a,20.8970988542857,92.2850607666666,15.1,B
N1,101083,link,LRP461c,20.8969163,92.28544409999999,298.9999999999782,R
N1,101084,bridge,LRP454a,20.8950896142857,92.2879523785714,9.0,A
N1,101085,link,LRP461g,20.8948052,92.2881941,331.9999999999368,R
N1,101086,bridge,LRP454b,20.892271114035,92.2909840333333,9.0,B
N1,101087,link,LRP462a,20.8919163,92.29166629999999,76.00000000007867,R
N1,101088,bridge,LRP455a,20.8901584525606,92.2957180800539,37.3,B
N1,101089,link,LRP463a,20.8889163,92.2982497,405.99999999994907,R
N1,101090,bridge,LRP456a,20.8845667240506,92.2987158890295,1.5,A
N1,101091,link,LRP464b,20.882027100000002,92.29777740000002,0.0,R
N1,101092,bridge,LRP456c,20.8809852229698,92.2977774,35.9,C
N1,101093,link,LRP465,20.8782216,92.29777740000002,1828.0000000000314,R
N1,101094,sink,LRPE,20.8629167,92.29808299999999,0.0,R
