,road,km,LRPName,condition,lat,lon
0,N1,1.8,LRP001a,A,23.7028888888888,90.4503888888889
1,N1,4.925,LRP004b,A,23.6936111111111,90.4788333333333
2,N1,8.976,LRP008b,A,23.7045833,90.5188327
3,N1,10.88,LRP010b,A,23.6998333333333,90.5307222222222
4,N1,10.897,LRP010c,A,23.6996666666666,90.5307222222222
5,N1,11.296,LRP011a,A,23.6973611111111,90.5338333333333
6,N1,12.239,LRP012a,A,23.6923333333333,90.541
7,N1,12.253,LRP012b,A,23.6925555555555,90.5411388888888
8,N1,12.66,LRP013a,A,23.6854997,90.5512778
11,N1,12.688,LRP013b,A,23.6853619779342,90.5513591765258
12,N1,13.574,LRP014a,A,23.6856111111111,90.5511944444444
13,N1,17.222,LRP018b,A,23.6506944,90.5829993
14,N1,17.222,LRP018a,A,23.6508889,90.5826382
15,N1,18.093,LRP018c,A,23.6497543993548,90.5845490085483
16,N1,19.76,LRP020a,A,23.6468055555555,90.5899166666666
17,N1,21.184,LRP021c,A,23.6284668507692,90.6023015723077
18,N1,21.184,LRP021d,A,23.6284668507692,90.6023015723077
20,N1,22.596,LRP023a,A,23.6242777777777,90.6054722222222
21,N1,23.081,LRP023d,A,23.613587384385,90.6109029561497
22,N1,23.081,LRP023c,A,23.613587384385,90.6109029561497
24,N1,24.393,LRP024a,A,23.6018611,90.6159722
25,N1,26.115,LRP026a,A,23.598,90.6221944444444
26,N1,26.452,LRP026b,A,23.5961666666666,90.6246944444444
27,N1,27.12,LRP027a,A,23.5917499999999,90.6293333333333
28,N1,28.315,LRP028b,A,23.577916,90.6419719
29,N1,28.315,LRP028a,A,23.5825827,90.6381386
31,N1,29.138,LRP029a,A,23.572166,90.6451108
32,N1,29.138,LRP029b,A,23.5718327,90.6453052
35,N1,29.842,LRP030a,A,23.5723611111111,90.6451666666666
36,N1,30.908,LRP031a,A,23.5590278,90.6559444
39,N1,31.472,LRP032a,A,23.5523333,90.6636667
40,N1,31.472,LRP032b,A,23.5557082901265,90.6597414245569
43,N1,32.121,LRP032d,A,23.5517421907216,90.6643538752577
44,N1,32.121,LRP032e,A,23.5517421907216,90.6643538752577
47,N1,32.777,LRP033a,A,23.5524166666666,90.6636111111111
48,N1,32.796,LRP033b,A,23.5523611111111,90.6636666666666
49,N1,33.591,LRP034a,A,23.5473611111111,90.6695
52,N1,33.591,LRP034b,A,23.5473055555555,90.6694166666666
53,N1,35.181,LRP035a,A,23.5342222222222,90.6843333333333
54,N1,35.408,LRP036a,A,23.529916,90.6952219
55,N1,35.408,LRP036b,A,23.5313996605222,90.68744892596
56,N1,35.707,LRP036c,A,23.5340833333333,90.6841944444444
57,N1,37.01,LRP037a,A,23.5303844733,90.7024402743
58,N1,48.384,LRP049a,A,23.5318234765,90.8110155135
59,N1,50.558,LRP051a,A,23.5347222222222,90.825
60,N1,63.538,LRP064c,A,23.5023888888888,90.9420277777777
61,N1,68.04,LRP068a,A,23.4951944444444,90.983
62,N1,76.481,LRP077a,A,23.4815277777777,91.0617777777777
63,N1,82.437,LRP083a,A,23.4788333333333,91.1177499999999
64,N1,82.989,LRP083b,A,23.4792777777777,91.1234999999999
65,N1,87.713,LRP088a,A,23.4489444444444,91.14725
66,N1,97.257,LRP098a,A,23.4037777777777,91.2175833333333
67,N1,100.938,LRP101a,A,23.3914441,91.2293049
69,N1,104.753,LRP105a,A,23.3488055555555,91.2599166666666
70,N1,106.519,LRP107a,A,23.336,91.2701111111111
71,N1,108.125,LRP109a,A,23.3241944444444,91.2790833333333
72,N1,110.551,LRP111a,A,23.3039166666666,91.2887777777777
73,N1,111.509,LRP112a,A,23.2960277777777,91.2915
74,N1,117.627,LRP118d,A,23.2453611111111,91.3110555555555
75,N1,118.049,LRP119a,A,23.2417777777777,91.3123888888888
76,N1,119.628,LRP120b,A,23.2275833333333,91.3133611111111
77,N1,121.567,LRP122a,A,23.2103888888888,91.3156944444444
78,N1,122.603,LRP123a,A,23.2010833333333,91.31675
79,N1,126.448,LRP127a,A,23.1681944444444,91.3214166666666
80,N1,130.912,LRP131b,A,23.1291111111111,91.3286666666666
81,N1,133.155,LRP134a,A,23.1108333333333,91.3381944444444
82,N1,134.974,LRP136a,A,23.0962777777777,91.3461111111111
83,N1,136.375,LRP137a,A,23.0850555555555,91.3524166666666
84,N1,141.531,LRP142a,A,23.0423333333333,91.3654444444444
85,N1,142.793,LRP143a,A,23.0295555555555,91.3655833333333
86,N1,144.939,LRP145a,A,23.01425,91.3759722222222
87,N1,147.296,LRP148a,A,23.003,91.3880833333333
88,N1,148.151,LRP149a,A,22.9961666666666,91.4004166666666
89,N1,148.174,LRP149b,A,22.9945936133042,91.4024539137404
90,N1,148.495,LRP149c,A,22.9806944444444,91.4171666666666
91,N1,158.031,LRP159a,A,22.9484444444444,91.4781388888888
92,N1,165.183,LRP166a,A,22.9155555555555,91.5252777777777
93,N1,165.825,LRP166c,A,22.9103611111111,91.5285555555555
94,N1,166.479,LRP167a,A,22.9050277777777,91.5312222222222
95,N1,167.963,LRP169a,A,22.8922777777777,91.5353055555555
96,N1,169.933,LRP171a,A,22.8751944444444,91.5406666666666
97,N1,170.174,LRP171b,A,22.8731666666666,91.5414166666666
98,N1,170.725,LRP171c,A,22.8684166666666,91.5431111111111
99,N1,171.554,LRP172a,A,22.86125,91.5453055555555
100,N1,171.728,LRP172b,A,22.8596388888888,91.5429722222222
101,N1,172.122,LRP173a,A,22.8561666666666,91.5456944444444
102,N1,172.23,LRP173b,A,22.8551388888888,91.54575
103,N1,172.969,LRP174a,A,22.8485555555555,91.5463333333333
104,N1,173.35,LRP174b,A,22.84525,91.5474722222222
105,N1,173.585,LRP174c,A,22.8432777777777,91.5481666666666
106,N1,173.859,LRP175a,A,22.8409166666666,91.5488888888888
107,N1,174.804,LRP175b,A,22.84075,91.5501388888888
108,N1,175.013,LRP176a,A,22.8304166666666,91.5506111111111
109,N1,179.363,LRP181a,A,22.7934444444444,91.5632222222222
110,N1,181.825,LRP183b,A,22.7733055555555,91.5733055555555
111,N1,182.318,LRP184a,A,22.7693888888888,91.5755277777777
112,N1,183.296,LRP185a,A,22.7622222222222,91.5810555555555
113,N1,184.654,LRP186a,A,22.7526666666666,91.5892777777777
114,N1,185.058,LRP187a,A,22.7496944444444,91.5915555555555
115,N1,188.35,LRP190a,A,22.7221111111111,91.603
116,N1,189.058,LRP191a,A,22.7165277777777,91.6064444444444
117,N1,189.13,LRP191b,A,22.7159999999999,91.6069166666666
118,N1,191.107,LRP193a,A,22.7001944444444,91.6154166666666
119,N1,192.408,LRP194a,A,22.6895555555555,91.6208055555555
120,N1,192.95,LRP195a,A,22.6850833333333,91.6228055555555
121,N1,194.149,LRP196a,A,22.6751666666666,91.6274166666666
122,N1,194.998,LRP197a,A,22.6679166666666,91.6300555555555
123,N1,195.501,LRP197b,A,22.6637222222222,91.6320833333333
124,N1,196.038,LRP198a,A,22.6597777777777,91.6349444444444
125,N1,196.925,LRP199a,A,22.6527777777777,91.6390555555555
126,N1,197.39,LRP199b,A,22.6489722222222,91.641
127,N1,197.846,LRP199c,A,22.6453333333333,91.6429722222222
128,N1,199.279,LRP201a,A,22.6338888888888,91.6493611111111
129,N1,199.502,LRP201b,A,22.6320277777777,91.6502777777777
130,N1,200.277,LRP202a,A,22.6259166666666,91.654
131,N1,200.918,LRP203a,A,22.6208611111111,91.6569722222222
132,N1,201.52,LRP203b,A,22.6161944444444,91.6599722222222
133,N1,201.999,LRP204a,A,22.6123611111111,91.6621666666666
135,N1,202.435,LRP205a,A,22.6088333333333,91.6640555555555
136,N1,203.457,LRP206a,A,22.6009444444444,91.6693055555555
137,N1,204.765,LRP207a,A,22.5905555555555,91.6754166666666
138,N1,206.3,LRP208d,A,22.5779722222222,91.6810833333333
139,N1,206.866,LRP209a,A,22.5731944444444,91.6830555555555
140,N1,207.64,LRP210a,A,22.5667777777777,91.6851388888888
141,N1,207.913,LRP210b,A,22.5640833333333,91.6858611111111
142,N1,208.1,LRP210d,A,22.5624722222222,91.6863055555555
143,N1,209.024,LRP211a,A,22.5540555555555,91.6884444444444
144,N1,210.476,LRP213a,A,22.5431111111111,91.69475
145,N1,210.776,LRP213b,A,22.5399166666666,91.6960555555555
146,N1,211.433,LRP214a,A,22.5347777777777,91.6982777777777
147,N1,212.483,LRP215a,A,22.5261388888888,91.7024722222222
148,N1,214.807,LRP217a,A,22.5165556,91.7065833
149,N1,215.467,LRP218a,A,22.5030833333333,91.7132222222222
150,N1,216.196,LRP218b,A,22.4961388888888,91.7159444444444
151,N1,217.942,LRP220a,A,22.4819444444444,91.7201944444444
152,N1,219.427,LRP221a,A,22.4693888888888,91.7250555555555
153,N1,222.357,LRP224a,A,22.4450833333333,91.7360277777777
154,N1,223.743,LRP226a,A,22.4333055555555,91.7403055555555
155,N1,224.053,LRP226b,A,22.4307222222222,91.7414722222222
156,N1,228.029,LRP230a,A,22.3978333333333,91.7576666666666
157,N1,228.797,LRP231a,A,22.3920833333333,91.7592222222222
158,N1,229.203,LRP231b,A,22.3887777777777,91.7605833333333
159,N1,230.13,LRP232a,A,22.3812777777777,91.7653888888888
160,N1,230.921,LRP233a,A,22.3764166666666,91.7704166666666
161,N1,231.966,LRP234a,A,22.3694722222222,91.7772777777777
162,N1,242.898,LRP238a,A,22.3522674714754,91.852622049836
163,N1,244.975,LRP240c,A,22.3374166666666,91.8542222222222
164,N1,246.02,LRP241a,A,22.3266451369152,91.852759390139
165,N1,247.637,LRP242b,A,22.3129265129032,91.856181916129
166,N1,249.04,LRP244a,A,22.3042222222222,91.8621111111111
167,N1,249.674,LRP244c,A,22.2997777777777,91.8655833333333
168,N1,250.215,LRP245a,A,22.2950555555555,91.8673055555555
169,N1,250.519,LRP245b,A,22.2925555555555,91.8686388888888
170,N1,250.841,LRP246a,A,22.29175,91.8711944444444
171,N1,251.281,LRP246b,A,22.2937777777777,91.8748055555555
172,N1,251.538,LRP247a,A,22.3427219,91.8531389
173,N1,254.333,LRP250a,A,22.3031111111111,91.9026666666666
174,N1,255.505,LRP251a,A,22.3070833333333,91.9126111111111
175,N1,256.378,LRP252a,A,22.3126111111111,91.9188333333333
176,N1,256.89,LRP252c,A,22.3159722222222,91.9225555555555
177,N1,257.94,LRP253a,A,22.3136388888888,91.9321944444444
178,N1,259.795,LRP255a,A,22.3099166666666,91.94775
179,N1,264.369,LRP260a,A,22.2920833333333,91.9490555555555
180,N1,267.818,LRP263b,A,22.2725277777777,92.0056944444444
181,N1,269.721,LRP265a,A,22.2558055555555,92.0094166666666
182,N1,269.99,LRP265b,A,22.2536111111111,92.0115277777777
183,N1,270.642,LRP267a,A,22.2494722222222,92.0152222222222
184,N1,271.89,LRP268a,A,22.2410555555555,92.0215555555555
185,N1,272.356,LRP268b,A,22.23725,92.0230277777777
186,N1,273.878,LRP270a,A,22.2240833333333,92.0271666666666
187,N1,274.66,LRP271a,A,22.2171388888888,92.0282222222222
188,N1,284.134,LRP280a,A,22.1509444444444,92.0695277777777
189,N1,285.58,LRP282a,A,22.1379722222222,92.0697222222222
190,N1,286.08,LRP282c,A,22.1334722222222,92.0700277777777
191,N1,286.378,LRP282e,A,22.1299160285714,92.0706024714285
193,N1,286.631,LRP283a,A,22.1750827,92.0528611
195,N1,287.144,LRP283c,A,22.1238611111111,92.0717222222222
196,N1,287.487,LRP283d,A,22.1206388888888,92.072
197,N1,288.329,LRP284a,A,22.1131944444444,92.0727222222222
198,N1,289.889,LRP286b,A,22.0996388888888,92.0744444444444
199,N1,290.719,LRP287a,A,22.0939166666666,92.0795833333333
200,N1,292.426,LRP288a,A,22.0845,92.0925555555555
201,N1,293.134,LRP289a,A,22.0811388888888,92.0985277777777
202,N1,294.534,LRP291a,A,22.07,92.1039166666666
203,N1,294.77,LRP291c,A,22.0685277777777,92.1056388888888
204,N1,295.295,LRP291d,A,22.0637567157894,92.1071061094736
206,N1,295.625,LRP292a,A,22.06125,92.1077777777777
207,N1,296.135,LRP292b,A,22.0569722222222,92.1092222222222
208,N1,296.647,LRP293a,A,22.05225,92.1092777777777
209,N1,297.034,LRP293c,A,22.0486944444444,92.1083611111111
210,N1,297.569,LRP294a,A,22.0442222222222,92.1074444444444
211,N1,298.405,LRP294c,A,22.0443888888888,92.1073333333333
213,N1,299.057,LRP295a,A,22.0317222222222,92.1040277777777
214,N1,299.434,LRP295b,A,22.0287013636363,92.1034293272727
216,N1,299.756,LRP296a,A,22.0263055555555,92.1026111111111
217,N1,300.406,LRP296b,A,22.0204166666666,92.1015277777777
218,N1,302.237,LRP298a,A,22.0076111111111,92.0926666666666
219,N1,302.729,LRP299a,A,22.00375,92.09025
220,N1,303.237,LRP299c,A,21.9998888888888,92.0881666666666
221,N1,303.782,LRP300a,A,21.9950833333333,92.0873611111111
222,N1,303.793,LRP300b,A,21.995,92.0873888888888
223,N1,304.217,LRP300d,A,21.9922334387096,92.0863582073732
225,N1,304.449,LRP301a,A,21.9889722222222,92.0853333333333
226,N1,304.857,LRP301b,A,21.9861944444444,92.0836666666666
227,N1,305.527,LRP302a,A,21.9812222222222,92.0802499999999
228,N1,305.794,LRP302c,A,21.9798888888888,92.0779444444444
229,N1,306.139,LRP302e,A,21.9789166666666,92.0747777777777
230,N1,307.229,LRP303a,A,21.9732499999999,92.0673333333333
231,N1,307.981,LRP304b,A,21.9673611111111,92.0634722222222
232,N1,308.652,LRP305a,A,22.0205549,92.1015
234,N1,309.038,LRP305c,A,21.9591666666666,92.0653055555555
235,N1,309.355,LRP306a,A,21.9515277777777,92.0673888888888
236,N1,309.971,LRP306b,A,21.9515277777777,92.0679722222222
237,N1,310.723,LRP307a,A,21.9451388888888,92.0670833333333
238,N1,311.886,LRP308a,A,21.9354444444444,92.0624166666666
239,N1,312.138,LRP308b,A,21.9334444444444,92.0615555555555
240,N1,312.354,LRP309a,A,21.9311944444444,92.0601388888888
241,N1,312.609,LRP309b,A,21.9296666666666,92.0594166666666
242,N1,313.947,LRP310a,A,21.9179444444444,92.0598333333333
243,N1,314.144,LRP310b,A,21.9162499999999,92.0601388888888
244,N1,314.502,LRP311a,A,21.9128333333333,92.0607222222222
245,N1,315.009,LRP311b,A,21.9128333333333,92.0607222222222
246,N1,317.001,LRP313b,A,21.8908333333333,92.0595833333333
247,N1,318.11,LRP314a,A,21.8809166666666,92.059
248,N1,318.796,LRP315a,A,21.8748055555555,92.0590833333333
249,N1,320.189,LRP316a,A,21.8625833333333,92.0594444444444
250,N1,320.513,LRP317a,A,21.8598055555555,92.0603055555555
251,N1,321.305,LRP318a,A,21.8526666666666,92.0608611111111
252,N1,321.536,LRP318b,A,21.8506111111111,92.0609722222222
253,N1,322.5,LRP319a,A,21.8426388888888,92.0638611111111
254,N1,322.823,LRP319b,A,21.8400555555555,92.0651111111111
255,N1,323.619,LRP320a,A,21.8337777777777,92.0685
256,N1,324.331,LRP321a,A,21.8280277777777,92.0713333333333
257,N1,324.607,LRP321b,A,21.8256944444444,92.0723888888888
258,N1,325.153,LRP321d,A,21.8208888888888,92.0740833333333
259,N1,325.49,LRP322a,A,21.818,92.0739444444444
260,N1,327.312,LRP323b,A,21.8031388888888,92.0773055555555
261,N1,329.084,LRP325a,A,21.7872777777777,92.0789722222222
262,N1,329.181,LRP325c,A,21.7864444444444,92.0791111111111
263,N1,330.931,LRP327a,A,21.7729166666666,92.0835833333333
264,N1,335.38,LRP332a,A,21.7377222222222,92.0835833333333
265,N1,336.054,LRP332b,A,21.7315833333333,92.0838611111111
266,N1,336.237,LRP332c,A,21.7301388888888,92.0838611111111
267,N1,337.019,LRP333a,A,21.7228888888888,92.0835277777777
268,N1,338.859,LRP335a,A,21.7080555555555,92.0801111111111
269,N1,339.648,LRP336a,A,21.7014722222222,92.0785833333333
270,N1,342.77,LRP339a,A,21.6743333333333,92.0767499999999
271,N1,343.243,LRP339c,A,21.6701666666666,92.0759722222222
272,N1,344.209,LRP340a,A,21.6618888888888,92.0750277777777
273,N1,344.531,LRP341a,A,21.6590277777777,92.0752222222222
274,N1,345.911,LRP342c,A,21.6468055555555,92.0735277777777
275,N1,349.759,LRP346a,A,21.618376660401,92.0691713375939
276,N1,350.674,LRP347a,A,21.6101111111111,92.0638888888888
277,N1,350.99,LRP347b,A,21.6065555555555,92.0621944444444
278,N1,351.628,LRP348a,A,21.6016388888888,92.0619166666666
279,N1,352.064,LRP348b,A,21.5976666666666,92.0618611111111
280,N1,352.641,LRP349a,A,21.5925833333333,92.0612777777777
281,N1,353.694,LRP350a,A,21.58475,92.0651111111111
282,N1,354.739,LRP351a,A,21.5769999999999,92.0695277777777
283,N1,356.261,LRP352a,A,21.5642777777777,92.0702777777777
284,N1,356.517,LRP353a,A,21.5619722222222,92.0698055555555
285,N1,356.631,LRP353b,A,21.5610833333333,92.0693888888888
286,N1,357.264,LRP354a,A,21.617166,92.0679993
288,N1,358.03,LRP354d,A,21.5470666065573,92.0668953754098
289,N1,360.345,LRP357a,A,21.5284166666666,92.0651944444444
290,N1,360.551,LRP357c,A,21.5265,92.0655
291,N1,360.89,LRP357d,A,21.5235833333333,92.0656111111111
292,N1,361.043,LRP357f,A,21.5221666666666,92.0659166666666
293,N1,361.751,LRP358a,A,21.5161944444444,92.0681944444444
294,N1,362.168,LRP358b,A,21.5128888888888,92.07
295,N1,362.691,LRP359a,A,21.5085,92.07175
296,N1,362.889,LRP359b,A,21.5070555555555,92.0729722222222
297,N1,364.056,LRP360a,A,21.4976111111111,92.0765277777777
298,N1,364.184,LRP360c,A,21.4966944444444,92.0771666666666
299,N1,366.98,LRP363b,A,21.4798333333333,92.0937222222222
300,N1,367.362,LRP364a,A,21.4768055555555,92.0957777777777
301,N1,367.6,LRP364c,A,21.4751666666666,92.0971388888888
302,N1,368.129,LRP364d,A,21.4713055555555,92.0998611111111
305,N1,370.799,LRP367a,A,21.4511944444444,92.0993888888888
306,N1,371.64,LRP368a,A,21.444,92.1013055555555
307,N1,371.848,LRP368c,A,21.4418389714285,92.1007083571428
308,N1,372.43,LRP369a,A,21.4375555555555,92.0985277777777
309,N1,372.782,LRP369b,A,21.4339722222222,92.0974444444444
310,N1,373.192,LRP369c,A,21.4310555555555,92.0958888888888
311,N1,373.424,LRP370a,A,21.4290833333333,92.0954722222222
312,N1,373.598,LRP370c,A,21.4283611111111,92.0953611111111
313,N1,374.081,LRP370e,A,21.4279444444444,92.0895833333333
314,N1,374.655,LRP371a,A,21.4270555555555,92.0839166666666
315,N1,375.035,LRP371c,A,21.42675,92.0804166666666
316,N1,375.416,LRP372a,A,21.4263888888888,92.0766944444444
317,N1,376.062,LRP372c,A,21.4273333333333,92.0703611111111
318,N1,376.931,LRP373a,A,21.4270555555555,92.0632777777777
319,N1,377.189,LRP373b,A,21.4273888888888,92.0607777777777
320,N1,377.519,LRP374a,A,21.4278333333333,92.0582222222222
321,N1,377.753,LRP374c,A,21.4280833333333,92.0553888888888
322,N1,378.02,LRP374e,A,21.4281666666666,92.0528611111111
323,N1,378.492,LRP375a,A,21.4545,92.10075
325,N1,379.004,LRP375c,A,21.4296666666666,92.0439722222222
326,N1,379.504,LRP376a,A,21.4298055555555,92.0394722222222
327,N1,380.346,LRP377a,A,21.4293888888888,92.0315833333333
328,N1,380.615,LRP377c,A,21.4301944444444,92.0300833333333
329,N1,380.759,LRP377d,A,21.4299444444444,92.0279444444444
330,N1,381.374,LRP377f,A,21.4261666666666,92.0236666666666
331,N1,383.632,LRP380a,A,21.4136111111111,92.0393888888889
332,N1,384.001,LRP380c,A,21.4121388888888,92.0422777777777
333,N1,384.978,LRP381b,A,21.4103611111111,92.05075
334,N1,385.237,LRP381c,A,22.4096388888888,92.0525555555555
335,N1,385.614,LRP382a,A,21.4079722222222,92.0560555555555
336,N1,385.78,LRP382b,A,21.4069444444444,92.0568888888888
337,N1,386.494,LRP383a,A,21.4039444444444,92.0627222222222
338,N1,386.968,LRP383b,A,21.4010277777777,92.066
339,N1,387.843,LRP384a,A,21.3934166666666,92.0682499999999
340,N1,389.282,LRP385g,A,21.3812777777777,92.0711944444444
341,N1,389.538,LRP386a,A,21.3788611111111,92.0701944444444
342,N1,389.724,LRP386c,A,21.3772222222222,92.0705833333333
343,N1,390.047,LRP386e,A,21.3753333333333,92.07275
344,N1,390.142,LRP386f,A,21.3748333333333,92.0735833333333
345,N1,390.506,LRP387a,A,21.3740555555555,92.0765277777777
346,N1,390.595,LRP387b,A,21.37325,92.0773055555555
347,N1,391.255,LRP387e,A,21.3678333333333,92.0802777777777
348,N1,391.373,LRP387f,A,21.3675833333333,92.0806944444444
349,N1,391.521,LRP388a,A,21.3656666666666,92.0813611111111
350,N1,392.526,LRP389a,A,21.3573888888888,92.0791111111111
351,N1,392.619,LRP389b,A,21.3563055555555,92.0790555555555
352,N1,393.038,LRP389d,A,21.3528611111111,92.0783888888888
353,N1,393.764,LRP390a,A,21.3461666666666,92.0792222222222
354,N1,394.681,LRP391a,A,21.3382777777777,92.0786944444444
355,N1,401.752,LRP398a,A,21.2840555555555,92.1005833333333
356,N1,402.323,LRP398d,A,21.2791944444444,92.1020277777777
357,N1,403.495,LRP400a,A,21.2695277777777,92.1067499999999
358,N1,403.509,LRP400b,A,21.2696111111111,92.1067777777777
359,N1,403.79,LRP400c,A,21.268,92.1087222222222
360,N1,405.969,LRP402b,A,21.2551666666666,92.1241666666666
361,N1,406.218,LRP402c,A,21.2539722222222,92.1264444444444
362,N1,406.517,LRP403a,A,21.2518888888888,92.1292777777777
363,N1,411.81,LRP408a,A,21.2261388888888,92.1611944444444
364,N1,413.66,LRP410a,A,21.2126944444444,92.1678333333333
365,N1,413.901,LRP410b,A,21.2103611111111,92.1679166666666
366,N1,414.0,LRP410c,A,21.20975,92.1684166666666
367,N1,415.056,LRP411a,A,21.2011666666666,92.1704444444444
368,N1,415.296,LRP411b,A,21.1989722222222,92.1703333333333
369,N1,415.574,LRP412a,A,21.1964444444444,92.1706388888888
370,N1,416.057,LRP412b,A,21.1923333333333,92.1694444444444
371,N1,416.354,LRP412d,A,21.1906666666666,92.16825
372,N1,416.966,LRP413a,A,21.2447497,92.1389441
373,N1,418.231,LRP414a,A,21.1788888888888,92.1572777777777
374,N1,419.63,LRP416a,A,21.1724828063829,92.1552940329787
375,N1,419.88,LRP416b,A,21.1703723502057,92.1547387765432
376,N1,420.18,LRP416e,A,21.1625555555555,92.1522777777777
377,N1,420.606,LRP417b,A,21.1585555555555,92.1525833333333
378,N1,421.156,LRP417d,A,21.1538333333333,92.1527777777777
379,N1,422.784,LRP419a,A,21.2127222,92.1678882
380,N1,423.804,LRP420c,A,21.1376111111111,92.1682222222222
381,N1,424.075,LRP420d,A,21.1372777777777,92.1706388888888
382,N1,424.271,LRP420e,A,21.1371111111111,92.1727222222222
383,N1,425.455,LRP421f,A,21.1663888888888,92.1822777777777
384,N1,425.882,LRP422b,A,21.131,92.1856944444444
385,N1,427.041,LRP423c,A,21.1231388888888,92.1925277777777
386,N1,427.154,LRP423d,A,21.1221388888888,92.1931666666666
387,N1,427.622,LRP424a,A,21.1190555555555,92.196
388,N1,427.804,LRP424b,A,21.1175555555555,92.1965555555555
389,N1,427.969,LRP424e,A,21.1161944444444,92.1969444444444
390,N1,428.578,LRP425a,A,21.11175,92.20075
391,N1,428.89,LRP425b,A,21.1101111111111,92.2032222222222
392,N1,429.491,LRP425e,A,21.1063333333333,92.2070277777777
393,N1,429.615,LRP426a,A,21.1053333333333,92.2074166666666
394,N1,429.719,LRP426b,A,21.1044722222222,92.2075
395,N1,429.912,LRP426c,A,21.1026111111111,92.2077777777777
396,N1,430.072,LRP426d,A,21.1013055555555,92.2079444444444
397,N1,430.287,LRP426e,A,21.0995833333333,92.2091666666666
398,N1,430.978,LRP427b,A,21.0940277777777,92.2117777777777
399,N1,431.167,LRP427d,A,21.0923611111111,92.2122777777777
400,N1,431.398,LRP427e,A,21.0902222222222,92.2129722222222
401,N1,431.877,LRP428a,A,21.0865277777777,92.2150555555555
402,N1,431.946,LRP428b,A,21.0861388888888,92.2153055555555
403,N1,432.19,LRP428c,A,21.0839166666666,92.2162777777777
404,N1,432.411,LRP428d,A,21.082,92.21675
405,N1,432.62,LRP429a,A,21.0798055555555,92.2171388888889
406,N1,432.865,LRP429b,A,21.0784444444444,92.2188333333333
407,N1,432.924,LRP429c,A,21.0778888888888,92.2190277777777
408,N1,433.178,LRP429d,A,21.1371108,92.1727771
409,N1,433.441,LRP429f,A,21.0745833333333,92.2220833333333
410,N1,433.665,LRP430a,A,21.0727777777777,92.2231666666666
411,N1,433.826,LRP430b,A,21.0718611111111,92.2241944444444
412,N1,434.124,LRP430c,A,21.0692777777777,92.2246111111111
413,N1,434.573,LRP431a,A,21.0651666666666,92.2245833333333
414,N1,434.831,LRP431b,A,21.0626944444444,92.2256944444444
415,N1,435.748,LRP432a,A,21.0550555555555,92.2265555555555
416,N1,439.579,LRP435c,A,21.0262222222222,92.2418333333333
417,N1,440.724,LRP437a,A,21.0169444444444,92.2439722222222
418,N1,440.977,LRP437b,A,21.0151388888888,92.2452777777777
419,N1,441.666,LRP438a,A,21.01,92.2492777777777
420,N1,441.974,LRP438b,A,21.0083333333333,92.2510277777777
421,N1,442.161,LRP438c,A,21.00675,92.2519444444444
422,N1,446.71,LRP443a,A,21.0407497,92.2374997
423,N1,447.084,LRP443c,A,20.9649166666666,92.2514722222222
424,N1,447.893,LRP444a,A,20.9582222222222,92.2543055555555
425,N1,448.391,LRP444c,A,20.9530277777777,92.2565277777777
426,N1,448.481,LRP444d,A,20.9533055555555,92.2563333333333
427,N1,448.581,LRP444e,A,20.9530277777777,92.2565
429,N1,448.926,LRP445a,A,21.0228882,92.2420274
431,N1,449.439,LRP445d,A,20.9458888888888,92.2601388888888
432,N1,449.7,LRP446a,A,21.0169993,92.2440274
434,N1,450.446,LRP446b,A,20.9373888888888,92.2624444444444
435,N1,450.599,LRP446d,A,20.9351944444444,92.2628055555555
436,N1,450.759,LRP447a,A,20.9348888888888,92.2630555555555
437,N1,450.943,LRP447b,A,20.9330555555555,92.2635277777777
438,N1,452.561,LRP448c,A,20.9942497,92.2545278
439,N1,452.624,LRP449a,A,20.9875274,92.2545556
440,N1,452.793,LRP449c,A,20.9176944444444,92.2693888888888
441,N1,454.219,LRP450c,A,20.9068611111111,92.2766111111111
442,N1,454.33,LRP450d,A,20.91799614,92.2691008942857
444,N1,454.498,LRP450e,A,20.9047777777777,92.278
445,N1,454.769,LRP451b,A,20.9025833333333,92.2793611111111
446,N1,455.062,LRP451c,A,20.9126751559322,92.2727211220339
447,N1,455.206,LRP451e,A,20.8996111111111,92.2815
448,N1,455.366,LRP451f,A,20.9104284959641,92.2741396026905
449,N1,455.447,LRP451h,A,20.909823120852,92.2745431860986
451,N1,455.496,LRP451i,A,20.909456906278,92.2747873291479
453,N1,455.688,LRP452a,A,20.8974722222222,92.2852777777777
454,N1,455.765,LRP452c,A,20.8972222222222,92.2863888888889
455,N1,455.975,LRP452d,A,20.8952222222222,92.2878611111111
456,N1,456.064,LRP452e,A,20.8947777777777,92.2881944444444
457,N1,456.164,LRP452f,A,20.9045718551546,92.2780768381443
458,N1,456.287,LRP452h,A,20.9036912639175,92.2786932329896
459,N1,456.359,LRP452i,A,20.9032027737864,92.2790446582524
460,N1,456.549,LRP452j,A,20.9018849327974,92.2798735897106
461,N1,457.365,LRP453a,A,20.9580833,92.2543056
462,N1,457.751,LRP454a,A,20.9660278,92.2579167
464,N1,458.213,LRP454b,A,20.9482774,92.2589167
465,N1,459.681,LRP456a,A,20.8689444444444,92.2982222222222
466,N2,12.18,LRP012f,A,23.7891944444444,90.5742222222222
467,N2,15.677,LRP016a,A,23.8140555555555,90.5946111111111
470,N2,20.514,LRP021a,A,23.8469166666666,90.6272222222222
471,N2,21.168,LRP021b,A,23.8496944444444,90.6315555555555
473,N2,24.2,LRP024b,A,23.8548888888888,90.6586944444444
474,N2,24.708,LRP025a,A,23.8544444444444,90.6634722222222
475,N2,25.107,LRP025b,A,23.8539166666666,90.6673055555555
478,N2,30.514,LRP031c,A,23.8943052,90.6717771
480,N2,35.205,LRP035b,A,23.9130277777777,90.6893055555555
484,N2,37.61,LRP038a,A,23.9390552,90.7100278
485,N2,38.015,LRP038c,A,23.9427222222222,90.7099166666666
486,N2,38.348,LRP039a,A,23.9391666666666,90.71
487,N2,39.241,LRP039c,A,23.9528055555555,90.7148333333333
488,N2,39.589,LRP040a,A,23.9555277777777,90.7162777777777
489,N2,40.114,LRP040b,A,23.9598333333333,90.7186388888888
490,N2,40.819,LRP041b,A,23.9658055555555,90.7218055555555
491,N2,41.375,LRP042a,A,23.97,90.7244722222222
492,N2,42.51,LRP043a,A,23.9778611111111,90.7314166666666
493,N2,42.998,LRP043d,A,23.9803888888888,90.7348055555555
494,N2,43.523,LRP044a,A,23.9818055555555,90.7395555555555
495,N2,44.274,LRP044c,A,23.9854722222222,90.7458611111111
496,N2,45.151,LRP045b,A,23.9216111111111,90.6967777777777
497,N2,45.931,LRP046a,A,23.9936941,90.7590833
498,N2,46.33,LRP046c,A,23.9956111111111,90.7626111111111
499,N2,46.511,LRP047a,A,23.9936666666666,90.7590277777777
500,N2,46.765,LRP047c,A,23.9974722222222,90.7661111111111
501,N2,47.384,LRP048a,A,24.00025,90.7714722222222
502,N2,48.264,LRP048b,A,23.9963888888888,90.7640555555555
504,N2,49.755,LRP050a,A,24.0089166666666,90.7925277777777
506,N2,51.976,LRP052a,A,24.0204444444444,90.8101388888888
507,N2,53.089,LRP053a,A,24.0262777777777,90.81925
508,N2,53.591,LRP054a,A,24.0288055555555,90.8230833333333
509,N2,54.354,LRP054b,A,24.0326666666666,90.8295555555555
510,N2,55.117,LRP055b,A,24.0365277777777,90.8356944444444
511,N2,55.547,LRP056a,A,24.0385833333333,90.8391388888888
512,N2,55.967,LRP056b,A,24.040083,90.8429163
513,N2,56.559,LRP057a,A,24.0415,90.8485833333333
514,N2,56.722,LRP057b,A,24.0418611111111,90.8502499999999
515,N2,58.369,LRP058c,A,24.0484166666666,90.8641944444444
516,N2,58.574,LRP059a,A,24.0496111111111,90.8656111111111
517,N2,59.51,LRP060a,A,24.0514722,90.874166
519,N2,59.982,LRP060c,A,24.0514722222222,90.8788055555555
520,N2,60.726,LRP061a,A,24.0518333333333,90.8861388888889
521,N2,62.036,LRP062a,A,24.0529167,90.8988608
523,N2,62.515,LRP063a,A,24.0533056,90.9035556
524,N2,63.836,LRP064a,A,24.0543333333333,90.9166111111111
525,N2,64.333,LRP064b,A,24.0396388888888,90.86925
527,N2,66.197,LRP066a,A,24.0560833333333,90.9396111111111
528,N2,66.846,LRP067a,A,24.0565833,90.9459163
530,N2,67.151,LRP067c,A,24.0568055555555,90.9489444444444
531,N2,69.212,LRP069c,A,24.0568333333333,90.9690277777777
532,N2,69.285,LRP069e,A,24.05675,90.9698055555555
533,N2,69.416,LRP070a,A,24.0566944444444,90.9708888888889
534,N2,69.855,LRP070c,A,24.05625,90.9752222222222
535,N2,71.603,LRP072a,A,24.0508888888888,90.9900833333333
536,N2,71.834,LRP072c,A,24.0487508700361,90.9917788393501
538,N2,73.429,LRP073b,A,24.0388611111111,91.0024722222222
539,N2,73.439,LRP073c,A,24.0390277777777,91.0023611111111
540,N2,73.982,LRP073g,A,24.0373888888888,91.0070833333333
541,N2,74.642,LRP074a,A,24.0358888888888,91.0133055555555
542,N2,76.203,LRP076a,A,24.0387777777777,91.0283333333333
543,N2,76.969,LRP076b,A,24.0401944444444,91.0356666666666
545,N2,78.332,LRP078a,A,24.0425277777777,91.04875
546,N2,79.33,LRP079a,A,24.04375,91.05825
547,N2,79.928,LRP079b,A,24.0443888888888,91.0643055555555
548,N2,79.95,LRP079d,A,24.0447777777777,91.0675555555555
549,N2,81.004,LRP081a,A,24.0456111111111,91.0745
550,N2,81.413,LRP081b,A,24.0461388888888,91.0784999999999
552,N2,84.419,LRP084a,A,24.0496388888888,91.1076388888888
553,N2,86.364,LRP086a,A,24.0582777777777,91.1186388888888
554,N2,87.365,LRP087a,A,24.0569722222222,91.1283611111111
556,N2,89.1,LRP089a,A,24.0558889,91.1378608
558,N2,91.246,LRP091b,A,24.0524166666666,91.1660277777777
559,N2,91.756,LRP092a,A,24.0514444444444,91.1708611111111
560,N2,91.768,LRP092b,A,24.0514166666666,91.1709166666666
561,N2,93.299,LRP093c,A,24.0444163,91.1772493
562,N2,95.285,LRP095a,A,24.0430833333333,91.1996388888889
563,N2,95.774,LRP096a,A,24.0430277777777,91.2045277777777
564,N2,96.853,LRP097a,A,24.0420555555555,91.21375
566,N2,97.696,LRP098b,A,24.0444722222222,91.2217222222222
567,N2,100.04,LRP100a,A,24.0472219,91.2358608
570,N2,102.341,LRP102a,A,24.0685,91.2560277777777
571,N2,103.374,LRP103c,A,24.0750833333333,91.2631944444444
572,N2,104.217,LRP104a,A,24.0804722222222,91.26875
574,N2,105.983,LRP106a,A,24.0851111111111,91.2836666666666
575,N2,106.396,LRP106b,A,24.0869444444444,91.2870555555555
576,N2,107.981,LRP108a,A,24.0994444444444,91.29375
580,N2,113.087,LRP113a,A,24.1268049,91.3189438
581,N2,113.846,LRP114a,A,24.1356941,91.3234993
583,N2,114.909,LRP115a,A,24.1416663,91.326916
585,N2,116.018,LRP117a,A,24.1481111111111,91.3465833333333
586,N2,116.219,LRP117b,A,24.1493888888888,91.3466666666666
587,N2,117.086,LRP118a,A,24.1573611111111,91.3489166666666
588,N2,117.284,LRP118b,A,24.1592222222222,91.3489999999999
590,N2,117.771,LRP118e,A,24.1635277777777,91.3491944444444
591,N2,117.99,LRP118g,A,24.1656666666666,91.3491388888888
593,N2,118.798,LRP119c,A,24.1728611111111,91.3490833333333
594,N2,119.035,LRP120a,A,24.1749166666666,91.3490833333333
596,N2,120.199,LRP121a,A,24.1851388888888,91.3506666666666
597,N2,120.851,LRP121c,A,24.1911944444444,91.3504444444444
599,N2,121.686,LRP122b,A,24.1985555555555,91.3510833333333
601,N2,122.326,LRP123c,A,24.2041944444444,91.3519999999999
602,N2,122.788,LRP123d,A,24.2079444444444,91.3539722222222
603,N2,122.934,LRP123e,A,24.2089444444444,91.3539166666666
604,N2,123.191,LRP124a,A,24.2078056,91.3539722
606,N2,123.654,LRP124c,A,24.2146666666666,91.3590833333333
607,N2,124.304,LRP125a,A,24.2185833333333,91.3627777777777
608,N2,124.46,LRP125b,A,24.2197777777777,91.3636944444444
609,N2,124.638,LRP125c,A,24.2211944444444,91.3644166666666
610,N2,124.856,LRP125d,A,24.2231388888888,91.3648055555555
611,N2,125.141,LRP126a,A,24.2256388888888,91.3655833333333
612,N2,125.593,LRP126b,A,24.2295555555555,91.3665277777777
613,N2,125.657,LRP126c,A,24.2298333333333,91.3666944444444
614,N2,125.78,LRP126d,A,24.23125,91.3670833333333
616,N2,126.317,LRP127b,A,24.2359722222222,91.3681944444444
617,N2,126.772,LRP127c,A,24.2398888888888,91.369
618,N2,127.076,LRP128a,A,24.2425,91.3697222222222
619,N2,127.691,LRP128b,A,24.2476666666666,91.3713888888888
620,N2,128.04,LRP129a,A,24.2505,91.3726944444444
621,N2,128.37,LRP129b,A,24.2532222222222,91.3742499999999
622,N2,128.753,LRP129c,A,24.2559722222222,91.3764444444444
623,N2,129.103,LRP130a,A,24.2586111111111,91.3781666666666
624,N2,129.405,LRP130b,A,24.2610277777777,91.3795555555555
625,N2,129.546,LRP130c,A,24.2620555555555,91.3800555555555
627,N2,131.468,LRP132a,A,24.271,91.3923611111111
628,N2,131.547,LRP132b,A,24.2714444444444,91.3933611111111
629,N2,131.767,LRP132c,A,24.2723055555555,91.3948611111111
630,N2,132.792,LRP133a,A,24.2761194444444,91.4038916666666
633,N2,133.439,LRP134b,A,24.2792499999999,91.4091666666666
634,N2,133.659,LRP134c,A,24.2804166666666,91.41125
635,N2,134.422,LRP135a,A,24.2820277777777,91.4182777777777
636,N2,134.957,LRP135b,A,24.2819166666666,91.4236666666666
638,N2,137.262,LRP138a,A,24.2759166666666,91.4445277777777
639,N2,137.784,LRP138b,A,24.2723611111111,91.4479166666666
640,N2,138.267,LRP139a,A,24.2690555555555,91.4510833333333
641,N2,138.769,LRP139b,A,24.2663888888888,91.4547222222222
642,N2,139.271,LRP140a,A,24.2665555555555,91.4596666666666
643,N2,139.773,LRP140c,A,24.2668611111111,91.4646666666666
644,N2,140.402,LRP141a,A,24.2671111111111,91.4708055555555
645,N2,140.804,LRP141b,A,24.2671944444444,91.4745833333333
646,N2,141.382,LRP142c,A,24.2701111111111,91.4785
647,N2,142.912,LRP143c,A,24.2788063459787,91.4859254584218
649,N2,145.077,LRP146a,A,24.2906666666666,91.5056666666666
650,N2,146.094,LRP147a,A,24.2979166666666,91.5112222222222
651,N2,146.376,LRP147b,A,24.3004166666666,91.512
652,N2,146.673,LRP147d,A,24.30275,91.5133055555555
654,N2,147.428,LRP148b,A,24.3076111111111,91.5183055555555
657,N2,149.509,LRP150a,A,24.3183604,91.5276382
659,N2,150.057,LRP151a,A,24.3269999999999,91.5323611111111
660,N2,150.812,LRP151b,A,24.1669444444444,91.5335555555555
661,N2,151.154,LRP152a,A,24.3368611111111,91.53375
662,N2,151.287,LRP152b,A,24.33775,91.5334722222222
663,N2,151.559,LRP152c,A,24.3403611111111,91.5343611111111
664,N2,151.86,LRP152d,A,24.3429166666666,91.5348611111111
665,N2,152.198,LRP153a,A,24.3458611111111,91.5351388888888
666,N2,152.501,LRP153b,A,24.3486111111111,91.5358055555555
667,N2,153.38,LRP154c,A,24.3551388888888,91.53975
668,N2,154.294,LRP155a,A,24.3630555555555,91.5422777777777
669,N2,154.93,LRP155b,A,24.3658315268722,91.5434295729075
671,N2,155.528,LRP156a,A,24.3732222222222,91.5471666666666
672,N2,156.065,LRP157a,A,24.3780277777777,91.5495
673,N2,156.615,LRP157b,A,24.382,91.5515277777777
674,N2,157.701,LRP158a,A,24.3901111111111,91.5571111111111
676,N2,158.437,LRP159b,A,24.3958333333333,91.5608888888888
677,N2,158.639,LRP159c,A,24.3975,91.5620833333333
678,N2,158.959,LRP159d,A,24.3998611111111,91.5636388888888
679,N2,159.377,LRP160a,A,24.4034722222222,91.5645
680,N2,159.669,LRP160b,A,24.4034167,91.5644444
682,N2,160.123,LRP161a,A,24.4100277777777,91.5650833333333
683,N2,160.867,LRP161b,A,24.4168611111111,91.5661666666666
684,N2,160.982,LRP161c,A,24.41775,91.5665555555555
685,N2,161.178,LRP162a,A,24.4194722222222,91.5670555555555
686,N2,161.333,LRP162c,A,24.42075,91.5673333333333
687,N2,161.492,LRP162d,A,24.4221111111111,91.5676388888888
688,N2,161.748,LRP162e,A,24.4242638888888,91.5680555555555
689,N2,161.948,LRP162f,A,24.4234977390625,91.5678518695312
690,N2,162.123,LRP163a,A,24.4275277777777,91.5683611111111
691,N2,162.266,LRP163b,A,24.4290277777777,91.5679166666666
692,N2,162.479,LRP163c,A,24.4308888888888,91.5683333333333
693,N2,162.825,LRP163d,A,24.4339444444444,91.5686666666666
694,N2,163.37,LRP164a,A,24.4388333333333,91.5691944444444
695,N2,163.415,LRP164b,A,24.4396388888888,91.56925
697,N2,163.759,LRP164d,A,24.44225,91.5698055555555
698,N2,164.225,LRP165c,A,24.4461944444444,91.5709722222222
699,N2,164.39,LRP165d,A,24.4477222222222,91.5713611111111
702,N2,165.679,LRP166d,A,24.4591666666666,91.5726388888888
703,N2,165.837,LRP166e,A,24.4606666666666,91.5728611111111
705,N2,166.28,LRP167b,A,24.4644166666666,91.5735
706,N2,166.829,LRP167c,A,24.4693055555555,91.5736944444444
707,N2,167.266,LRP168a,A,24.4731944444444,91.5743333333333
708,N2,167.503,LRP168c,A,24.4755277777777,91.5753888888888
710,N2,168.311,LRP169b,A,24.4821388888888,91.5770833333333
711,N2,168.546,LRP169c,A,24.4845,91.57775
712,N2,168.664,LRP169d,A,24.4854166666666,91.5779444444444
713,N2,168.787,LRP169e,A,24.4864444444444,91.5782777777777
714,N2,168.935,LRP169f,A,24.4870277777777,91.5786944444444
715,N2,169.015,LRP170a,A,24.4878611111111,91.5787222222222
716,N2,169.132,LRP170b,A,24.4892777777777,91.57925
717,N2,169.381,LRP170c,A,24.4913055555555,91.5800833333333
718,N2,169.566,LRP170e,A,24.4928611111111,91.5804166666666
719,N2,169.623,LRP170f,A,24.4934444444444,91.5805555555555
720,N2,169.686,LRP170g,A,24.4940277777777,91.5806944444444
721,N2,169.762,LRP170h,A,24.4945277777777,91.5809166666666
722,N2,169.81,LRP170i,A,24.4951944444444,91.5809444444444
723,N2,169.935,LRP170j,A,24.4963055555555,91.5809444444444
727,N2,170.282,LRP171d,A,24.4986111111111,91.5830277777777
728,N2,170.397,LRP171e,A,24.49975,91.5834166666666
729,N2,170.68,LRP171f,A,24.5021944444444,91.5840555555555
732,N2,171.278,LRP172c,A,24.5063888888888,91.5851666666666
733,N2,171.414,LRP172d,A,24.5086944444444,91.5852222222222
741,N2,174.574,LRP175c,A,24.5333333333333,91.59825
742,N2,174.753,LRP175d,A,24.5347222222222,91.5993055555555
743,N2,174.889,LRP175e,A,24.5356111111111,91.6001388888888
744,N2,174.989,LRP175f,A,24.5363333333333,91.6007777777777
746,N2,175.347,LRP176b,A,24.5386666666666,91.6031111111111
747,N2,175.511,LRP176c,A,24.54,91.6038333333333
748,N2,175.724,LRP176d,A,24.5416666666666,91.6045833333333
749,N2,175.858,LRP176e,A,24.543,91.6046944444444
750,N2,176.024,LRP177a,A,24.5443611111111,91.6051111111111
751,N2,176.411,LRP177b,A,24.5477774,91.6054722
752,N2,176.818,LRP177d,A,24.5483984198555,91.6055338144404
754,N2,177.43,LRP178a,A,24.5566944444444,91.6040555555555
755,N2,177.689,LRP178b,A,24.5587777777777,91.6034722222222
756,N2,178.144,LRP179a,A,24.5628611111111,91.60275
757,N2,178.526,LRP179b,A,24.5661667,91.6028333
759,N2,179.044,LRP180a,A,24.5708055555555,91.6029444444444
760,N2,179.631,LRP180c,A,24.5756666666666,91.6009166666666
763,N2,180.527,LRP181c,A,24.5826388888888,91.5990555555555
764,N2,180.762,LRP181d,A,24.5848052,91.5996663
766,N2,181.082,LRP182a,A,24.5874444444444,91.6006388888888
767,N2,181.333,LRP182b,A,24.5896388888888,91.6014166666666
768,N2,181.705,LRP182d,A,24.5928611111111,91.6024444444444
769,N2,182.073,LRP183a,A,24.59525,91.6048888888888
770,N2,182.48,LRP183c,A,24.5957777777777,91.6086388888888
771,N2,182.768,LRP183d,A,24.5961111111111,91.6115277777777
773,N2,183.883,LRP184c,A,24.6039166666666,91.6176666666666
776,N2,185.178,LRP186b,A,24.6111666666666,91.6277499999999
777,N2,185.396,LRP186c,A,24.6123055555555,91.6294444444444
778,N2,185.981,LRP186d,A,24.6133333333333,91.6348888888889
779,N2,186.959,LRP187b,A,24.6128611111111,91.64425
781,N2,187.715,LRP188a,A,24.6142777777777,91.6513333333333
782,N2,188.64,LRP189a,A,24.6169438,91.66
786,N2,194.173,LRP194b,A,24.6432219,91.6919997
795,N2,198.883,LRP199d,A,24.6828888888888,91.7238611111111
796,N2,199.288,LRP200a,A,24.6864722222222,91.7243611111111
798,N2,199.555,LRP200c,A,24.689,91.7247222222222
804,N2,205.618,LRP206b,A,24.7284444444444,91.7615277777777
806,N2,206.778,LRP207b,A,24.7351111111111,91.7702222222222
810,N2,210.696,LRP211b,A,24.7661111111111,91.7833611111111
811,N2,210.966,LRP211c,A,24.7686111111111,91.7828611111111
815,N2,213.668,LRP214b,A,24.7914722222222,91.7891666666666
816,N2,215.225,LRP216a,A,24.8053888888888,91.7906944444444
817,N2,215.486,LRP216b,A,24.8076111111111,91.7913888888888
819,N2,218.661,LRP219a,A,24.8266944444444,91.8128888888888
820,N2,220.476,LRP221b,A,24.8403333333333,91.8218055555555
822,N2,223.512,LRP224b,A,24.8591944444444,91.8413333333333
823,N2,224.112,LRP225a,A,24.8635278,91.8519444
824,N2,224.705,LRP225c,A,24.8634444444444,91.8519444444444
825,N2,225.715,LRP226c,A,24.8681388888888,91.86025
826,N2,225.86,LRP226d,A,24.8685,91.8618888888888
827,N2,227.581,LRP228b,A,24.8772777777777,91.8737499999999
829,N2,228.006,LRP229a,A,24.8786388888888,91.8772499999999
831,N2,229.208,LRP230c,A,24.8884444444444,91.8800833333333
832,N2,229.791,LRP230e,A,24.8928333333333,91.8783611111111
835,N2,230.621,LRP231c,A,24.8952777777777,91.8848333333333
836,N2,230.925,LRP231d,A,24.8951944444444,91.8878055555555
839,N2,234.469,LRP235a,A,24.90325,91.9195
840,N2,235.123,LRP236a,A,24.9066111111111,91.9245
841,N2,235.778,LRP236c,A,24.90975,91.9301388888888
842,N2,236.582,LRP237a,A,24.9132778,91.9366108
844,N2,237.701,LRP238c,A,24.9156944444444,91.9472777777777
845,N2,237.913,LRP239a,A,24.9161944444444,91.94925
846,N2,238.927,LRP240a,A,24.9196944444444,91.9585555555555
848,N2,240.801,LRP241c,A,24.9308888888888,91.9725
849,N2,241.568,LRP242a,A,24.9343888888888,91.9790277777777
850,N2,242.155,LRP243a,A,24.9368333333333,91.9839166666666
851,N2,242.857,LRP243b,A,24.9389166666666,91.9903333333333
854,N2,245.766,LRP246c,A,24.9565,92.0109722222222
856,N2,247.466,LRP248a,A,24.9644166666666,92.0240277777777
857,N2,248.788,LRP249a,A,24.9727777777777,92.0329166666666
862,N2,257.959,LRP258a,A,25.0372777777777,92.0834722222222
864,N2,260.511,LRP261a,A,25.0530555555555,92.1013611111111
865,N2,260.835,LRP261b,A,25.0550555555555,92.1038888888888
866,N2,261.303,LRP262a,A,25.0587777777777,92.1061111111111
868,N2,263.432,LRP264a,A,25.0766666666666,92.1135833333333
871,N2,265.207,LRP266a,A,25.0920833333333,92.1178333333333
874,N2,268.95,LRP269a,A,25.1252493,92.1163611
878,N2,269.889,LRP270c,A,25.131666,92.1203049
882,N2,271.066,LRP272a,A,25.1408608,92.1197771
884,N2,272.5,LRP273a,A,25.15025,92.1126944
885,N2,272.983,LRP274a,A,25.1523333333333,92.1084444444444
887,N2,273.192,LRP274c,A,25.1536944,92.1073611
889,N2,274.13,LRP275a,A,25.1589167,92.1001389
892,N2,274.882,LRP276a,A,25.1645555555555,92.0960277777777
895,N2,279.957,LRP281a,A,25.1764166666666,92.0541944444444
898,N2,282.27,LRP283b,A,25.175,92.0252777777777
901,N2,283.11,LRP284b,A,25.1711111111111,92.0186111111111
902,N2,283.69,LRP284c,A,25.1680555555555,92.0180555555555
903,N2,284.01,LRP285a,A,25.165,92.0183333333333
904,N2,284.46,LRP285b,A,25.1613888888888,92.0172222222222
905,N2,284.64,LRP285c,A,24.9005555555555,91.9141666666666
1868,N102,0.984,LRPSc,A,23.4865277777777,91.1133611111111
1869,N102,2.059,LRP002a,A,23.49375,91.1064722222222
1870,N102,2.363,LRP002b,A,23.4963888888888,91.1059444444444
1871,N102,2.511,LRP002c,A,23.4977222222222,91.1056388888888
1872,N102,8.475,LRP008a,A,23.5421941,91.0742493
1874,N102,9.685,LRP009a,A,23.5501944444444,91.06625
1877,N102,15.109,LRP015a,A,23.5827222222222,91.0352777777777
1878,N102,17.318,LRP017a,A,23.5880277777777,91.0157777777777
1879,N102,19.122,LRP019a,A,23.5945,90.9996666666666
1880,N102,19.479,LRP019b,A,23.5966388888888,90.9970555555555
1883,N102,22.669,LRP022a,A,23.6165,90.9769444444444
1884,N102,23.564,LRP023b,A,23.623916,90.9726382
1890,N102,28.594,LRP028c,A,23.6611111111111,90.9860833333333
1893,N102,29.841,LRP029d,A,23.6675,90.9961388888889
1894,N102,33.647,LRP033c,A,23.6874444444444,91.0265
1898,N102,36.877,LRP036d,A,23.70525,91.0514166666666
1899,N102,37.737,LRP037c,A,23.7103611111111,91.0576944444444
1900,N102,37.955,LRP037d,A,23.7116944444444,91.0593055555555
1901,N102,38.49,LRP038b,A,23.7148333333333,91.0632777777777
1902,N102,38.952,LRP038d,A,23.7176944444444,91.0666666666666
1907,N102,45.274,LRP045a,A,23.7610555555555,91.1047777777777
1911,N102,50.862,LRP050c,A,23.7600278,91.1468052
1913,N102,55.346,LRP055c,A,23.8322777777777,91.1555
1915,N102,58.681,LRP058a,A,23.8605833333333,91.1552777777777
1916,N102,62.377,LRP062b,A,23.8870277777777,91.1341388888889
1917,N102,63.039,LRP062c,A,23.8924166666666,91.1313333333333
1920,N102,65.72,LRP065a,A,23.9166388888888,91.1226666666666
1922,N102,73.118,LRP073e,A,23.9679353219827,91.1013978806034
1925,N102,81.779,LRP082a,A,24.0458611111111,91.1146944444444
1926,N104,0.349,LRPSa,A,22.9698611111111,91.3629166666666
1929,N104,10.51,LRP010a,A,22.9610833333333,91.3330277777777
1932,N104,17.41,LRP017b,A,22.9411944444444,91.2764722222222
1941,N104,44.84,LRP044d,A,22.8633888888888,91.0968055555555
1947,N105,3.769,LRP003a,A,23.7161666666666,90.5701111111111
1948,N105,5.641,LRP005c,A,23.7276944444444,90.5834444444444
1949,N105,6.178,LRP006a,A,23.7309999999999,90.5872777777777
1952,N105,17.39,LRP017c,A,23.8393888888888,90.5361666666666
1954,N105,20.374,LRP020c,A,23.8601944444444,90.5179722222222
1958,N105,22.104,LRP022c,A,23.8714444444444,90.5068055555555
1961,N105,24.561,LRP024c,A,23.8859722222222,90.4924444444444
1963,N105,27.14,LRP027c,A,23.9028333333333,90.48025
1970,N105,30.49,LRP030c,A,23.9240277777777,90.4591666666666
1973,N105,32.178,LRP032c,A,23.9340277777777,90.4473055555555
1976,N105,34.834,LRP035d,A,23.9492222222222,90.4141111111111
1981,N105,38.653,LRP039b,A,23.9735833333333,90.3940277777777
1984,N105,39.716,LRP040c,A,23.9772777777777,90.3844166666666
1986,N105,40.635,LRP041c,A,23.9774444444444,90.3753888888888
1988,N105,41.73,LRP042b,A,23.9826944444444,90.3670555555555
2060,N108,4.942,LRP004a,A,22.1225549,92.1147778
2061,N108,5.323,LRP005a,A,22.1246111111111,92.1175555555555
2062,N108,5.473,LRP005b,A,22.1246111111111,92.1190277777777
2064,N108,6.986,LRP006c,A,22.1275277777777,92.1314166666666
2065,N108,7.692,LRP007c,A,22.1273611111111,92.1396111111111
2072,N108,12.506,LRP012d,A,22.1428333333333,92.1757222222222
2073,N108,12.68,LRP012g,A,22.1438888888888,92.1767777777777
2074,N108,12.987,LRP012i,A,22.1461388888888,92.1778888888888
2075,N108,13.0,LRP012j,A,22.1461944444444,92.1777777777777
2077,N108,13.38,LRP013c,A,22.1490555555555,92.1795277777777
2078,N108,13.726,LRP013d,A,22.1519444444444,92.1803333333333
2079,N108,13.793,LRP013e,A,22.1527222222222,92.1797222222222
2080,N108,13.933,LRP013f,A,22.1538055555555,92.17975
2081,N108,14.023,LRP013g,A,22.1546111111111,92.1795277777777
2083,N108,14.159,LRP014b,A,22.1556111111111,92.1788888888888
2084,N108,14.223,LRP014c,A,22.1560555555555,92.1784444444444
2085,N108,14.577,LRP014d,A,22.1589166666666,92.1770555555555
2086,N108,14.635,LRP014e,A,22.1594444444444,92.1767222222222
2087,N108,14.729,LRP014f,A,22.1601388888888,92.1762222222222
2093,N108,20.717,LRP020e,A,22.1850555555555,92.2103333333333
2096,N108,21.689,LRP021e,A,22.1899166666666,92.2151666666666
2099,N110,0.824,LRPSb,A,21.4246388888888,92.0155277777777
2100,N110,0.934,LRPsd,A,21.4245833333333,92.0145555555555
2102,N110,1.76,LRP001b,A,21.4272222222222,92.0070555555555
2109,N110,5.828,LRP005d,A,21.4263888888888,91.9783055555555
2110,N110,5.989,LRP005e,A,21.4277222222222,91.9775555555555
2112,N110,6.4,LRP006b,A,21.4306944444444,91.9760555555555
2113,N110,7.013,LRP007a,A,21.4340833333333,91.9726666666666
2616,N204,2.895,LRP003b,A,24.1310555555555,91.3572222222222
2622,N204,17.297,LRP020b,A,24.1422222222222,91.4829722222222
2626,N204,21.41,LRP025c,A,24.173,91.5020277777777
2631,N204,29.61,LRP035c,A,24.2332222222222,91.5039444444444
2635,N204,34.3,LRP041a,A,24.2665833333333,91.4769444444444
2643,N207,8.506,LRP008c,A,24.296,91.5887777777777
2651,N207,22.794,LRP022b,A,24.3025833,91.7186104
2662,N207,30.28,LRP030b,A,24.3603055555555,91.7493055555555
2673,N207,51.684,LRP051b,A,24.5222222222222,91.7308333333333
2680,N207,61.306,LRP061d,A,24.5763333333333,91.6928055555555
2685,N207,65.76,LRP066b,A,24.60975,91.6780277777777
13424,N1,34.111,LRP034c,C,23.5442777777777,90.6730833333333
13440,N1,93.6,LRP094a,C,23.4131111111111,91.1846388888889
13447,N1,189.58,LRP191c,C,22.7123888888888,91.6090277777777
13448,N1,205.615,LRP208a,C,22.5836388888888,91.6784444444444
15399,N1,11.808,LRP011c,B,23.6943055555555,90.5378611111111
15405,N1,18.093,LRP018d,B,23.6497543993548,90.5845490085483
15425,N1,74.279,LRP075a,B,23.4812777777777,91.0411388888888
15430,N1,109.289,LRP110a,B,23.3150277777777,91.2844722222222
15431,N1,109.897,LRP110c,B,23.3104166666666,91.2861111111111
15434,N1,115.052,LRP116a,B,23.2677777777777,91.3054722222222
15435,N1,115.326,LRP116b,B,23.2655277777777,91.3064444444444
15436,N1,115.525,LRP116c,B,23.26375,91.3067222222222
15440,N1,118.856,LRP119b,B,23.2345555555555,91.3131388888888
15442,N1,120.634,LRP121b,B,23.2185833333333,91.3143333333333
15448,N1,129.955,LRP131a,B,23.1374444444444,91.3264444444444
15453,N1,135.723,LRP136c,B,23.0901666666666,91.3494166666666
15454,N1,136.899,LRP137b,B,23.0809166666666,91.3548611111111
15465,N1,200.575,LRP202b,B,22.6235,91.6553888888889
15467,N1,204.342,LRP206c,B,22.5941777777777,91.6737333333333
15468,N1,209.514,LRP212a,B,23.5503333333333,91.6902222222222
15469,N1,213.386,LRP215b,B,22.5207222222222,91.7081388888889
15471,N1,218.441,LRP220b,B,22.4774722222222,91.721
15472,N1,220.725,LRP223a,B,22.4588055555555,91.7303611111111
15473,N1,225.702,LRP228a,B,22.4185555555555,91.7504444444444
15477,N1,249.348,LRP244b,B,22.3020833333333,91.8640555555555
15481,N1,262.116,LRP257a,B,22.3015833,91.897333
15487,N1,273.443,LRP269c,B,22.2278333333333,92.0261388888889
15488,N1,276.281,LRP272c,B,22.2060833333333,92.0370277777777
15490,N1,282.994,LRP279a,B,22.2084444,92.0356663
15495,N1,329.499,LRP326a,B,21.7836666666666,92.0793055555555
15496,N1,335.192,LRP331a,B,21.7392222222222,92.0829166666666
15497,N1,349.092,LRP345a,B,21.6213333333333,92.0724722222222
15499,N1,368.703,LRP365a,B,21.4668611111111,92.1025555555555
15501,N1,383.098,LRP379b,B,21.4163888888888,92.0353333333333
15502,N1,384.358,LRP380e,B,21.4106111111111,92.0452222222222
15503,N1,384.788,LRP381a,B,21.4102777777777,92.0340361111111
15504,N1,388.733,LRP385b,B,21.3858611111111,92.0702777777777
15505,N1,389.101,LRP385e,B,21.3825555555555,92.0713333333333
15506,N1,389.258,LRP385f,B,21.3814444444444,92.071
15507,N1,389.684,LRP386b,B,21.3785277777777,92.0702777777777
15508,N1,391.664,LRP388b,B,21.3643055555555,92.0814444444444
15509,N1,392.093,LRP388d,B,21.3614166666666,92.0801111111111
15510,N1,392.422,LRP388e,B,21.3585,92.0790833333333
15511,N1,395.328,LRP391c,B,21.33125,92.0792777777777
15512,N1,397.679,LRP394c,B,21.3175555555555,92.0929444444444
15513,N1,399.452,LRP395a,B,21.3039444444444,92.09675
15514,N1,401.89,LRP398b,B,21.2828333333333,92.1006944444444
15515,N1,408.235,LRP404b,B,21.2421388888888,92.1415
15516,N1,412.931,LRP409a,B,21.2166111111111,92.16275
15518,N1,419.036,LRP415b,B,21.1720555555555,92.1552777777777
15520,N1,420.093,LRP416d,B,21.1627222222222,92.1521388888889
15521,N1,420.406,LRP416f,B,21.1603055555555,92.1525
15522,N1,423.442,LRP419c,B,21.1381388888888,92.1648888888889
15523,N1,425.267,LRP421d,B,21.1501666666666,92.18075
15524,N1,426.555,LRP422c,B,21.1267777777777,92.1902777777777
15525,N1,426.915,LRP423b,B,21.1241944444444,92.1918888888889
15526,N1,427.231,LRP423e,B,21.1214166666666,92.1935555555555
15527,N1,428.095,LRP424g,B,21.1214993,92.1935552
15528,N1,429.081,LRP425c,B,21.1089444444444,92.2045555555555
15530,N1,435.013,LRP431c,B,21.0621111111111,92.2265
15531,N1,436.388,LRP432b,B,21.05125,92.2301388888888
15532,N1,436.789,LRP433b,B,21.0508888888888,92.2333333333333
15533,N1,437.063,LRP433c,B,21.0480277777777,92.2346944444444
15534,N1,440.028,LRP436a,B,21.0229444444444,92.2420555555555
15535,N1,443.024,LRP439a,B,20.9990833333333,92.2538888888889
15536,N1,443.564,LRP439c,B,20.9943333333333,92.2546111111111
15537,N1,447.401,LRP443d,B,20.9623888888888,92.2529166666666
15538,N1,448.054,LRP444b,B,20.9568611111111,92.2548055555555
15540,N1,449.101,LRP445b,B,20.9484166666666,92.2588611111111
15541,N1,451.984,LRP448a,B,20.9238888888888,92.2600277777777
15545,N1,453.95,LRP450a,B,20.9088888888888,92.2751111111111
15546,N1,454.673,LRP451a,B,20.9031388888888,92.2788611111111
15552,N1,458.799,LRP455a,B,20.8766111111111,92.2979444444444
15554,N2,11.482,LRP012c,B,23.7854166666666,90.5690277777777
15560,N2,31.026,LRP031e,B,23.8943055555555,90.6718888888888
15564,N2,42.153,LRP042d,B,23.9753333333333,90.7291388888889
15567,N2,57.111,LRP057c,B,24.0425833333333,90.8536666666666
15570,N2,67.87,LRP068b,B,24.0570277777777,90.9559444444444
15571,N2,69.279,LRP069d,B,25.0568055555555,90.9695833333333
15572,N2,73.94,LRP073f,B,24.03775,91.0068333333333
15574,N2,90.552,LRP091a,B,24.05325,91.1591666666666
15576,N2,102.843,LRP103a,B,24.0717222222222,91.2593611111111
15582,N2,129.985,LRP130d,B,24.2656388888888,91.3821666666666
15584,N2,153.116,LRP154a,B,24.3535,91.5379441
15588,N2,164.088,LRP165a,B,24.4449997,91.5705549
15590,N2,164.956,LRP165e,B,24.4526111111111,91.5721388888888
15594,N2,171.763,LRP172e,B,24.5117777777777,91.5854166666666
15595,N2,172.941,LRP173c,B,24.5184747068085,91.5884815834042
15597,N2,184.404,LRP185b,B,24.6070277777777,91.6216388888888
15602,N2,221.457,LRP222a,B,24.8483333333333,91.8255833333333
15604,N2,226.077,LRP227a,B,24.8687777777777,91.8634999999999
15605,N2,226.827,LRP227d,B,24.8740833333333,91.8677777777777
15606,N2,228.214,LRP229c,B,24.8800833333333,91.87825
15608,N2,232.717,LRP233b,B,24.8964722222222,91.9040277777777
15621,N2,273.394,LRP274e,B,25.1544722222222,92.1053055555555
15850,N102,31.27,LRP031b,B,23.6776388888888,91.0076388888888
15861,N102,55.063,LRP055a,B,23.8297777777777,91.1551388888889
15867,N102,69.643,LRP069a,B,23.9496111111111,91.1167
15871,N102,78.132,LRP078b,B,24.01325,91.1097222222222
15872,N102,79.737,LRP080a,B,24.0275277777777,91.1125
15908,N108,1.531,LRP001c,B,22.1065,92.0880833333333
16111,N207,25.485,LRP025d,B,24.3190277777777,91.7353888888888
16112,N207,25.704,LRP025e,B,24.3210833333333,91.7359166666666
16113,N207,26.577,LRP026c,B,24.3286944444444,91.7378333333333
16449,N1,269.199,LRP264c,C,22.2600555555555,92.0076666666666
16454,N1,331.259,LRP328a,C,21.7712222222222,92.0817777777777
16458,N1,345.592,LRP342a,C,21.6496944444444,92.0733611111111
16460,N1,353.162,LRP349b,C,21.5887222222222,92.0634166666666
16463,N1,381.985,LRP378a,C,21.4226388888888,92.0275833333333
16464,N1,382.055,LRP378b,C,21.4221944444444,92.0279444444444
16465,N1,382.649,LRP379a,C,21.4192777777777,92.0323611111111
16466,N1,383.269,LRP379c,C,21.4156666666666,92.03675
16467,N1,387.23,LRP383c,C,21.3985277777777,92.0666388888888
16468,N1,387.398,LRP383d,C,21.3977777777777,92.0669444444444
16469,N1,388.328,LRP384b,C,21.389,92.0686944444444
16470,N1,388.565,LRP385a,C,21.3874444444444,92.0697222222222
16471,N1,388.886,LRP385c,C,21.3851944444444,92.0704166666666
16472,N1,388.956,LRP385d,C,21.3845555555555,92.0705833333333
16473,N1,389.899,LRP386d,C,21.3766111111111,92.0718055555555
16474,N1,390.356,LRP386g,C,21.3743333333333,92.0753888888888
16475,N1,390.814,LRP387c,C,21.3715277777777,92.0784166666666
16476,N1,391.031,LRP387d,C,21.3697222222222,92.0796666666666
16477,N1,391.997,LRP388c,C,21.3615833333333,92.0806666666666
16478,N1,392.742,LRP389c,C,21.3553611111111,92.0791944444444
16480,N1,394.307,LRP390c,C,21.3416944444444,92.079
16481,N1,395.64,LRP392a,C,21.3298333333333,92.0788333333333
16482,N1,396.596,LRP393a,C,21.3241111111111,92.0853611111111
16483,N1,397.144,LRP393c,C,21.3206111111111,92.0900833333333
16484,N1,398.406,LRP394e,C,21.3125277777777,92.0962777777777
16485,N1,400.027,LRP396a,C,21.2989166666666,92.0976666666666
16486,N1,404.393,LRP400e,C,21.2646666666666,92.1134999999999
16487,N1,404.487,LRP401a,C,21.2645,92.1143055555555
16488,N1,404.774,LRP401c,C,21.2623333333333,92.1161666666666
16489,N1,405.728,LRP402a,C,21.2563888888888,92.1229444444444
16490,N1,406.791,LRP403b,C,21.2506388888888,92.1308333333333
16491,N1,407.239,LRP403d,C,21.2480555555555,92.1341944444444
16492,N1,407.785,LRP404a,C,21.2451944444444,92.1383333333333
16493,N1,412.008,LRP408b,C,21.2241666666666,92.1612777777777
16494,N1,413.235,LRP409b,C,21.2147222222222,92.1645277777777
16495,N1,413.43,LRP409d,C,21.2143333333333,92.1664444444444
16497,N1,418.76,LRP415a,C,21.1741388888888,92.1555555555555
16498,N1,419.278,LRP415c,C,21.16975,92.1545833333333
16501,N1,420.537,LRP417a,C,21.1593055555555,92.1525833333333
16502,N1,420.952,LRP417c,C,21.1555833333333,92.1526666666666
16503,N1,421.358,LRP417e,C,21.1521666666666,92.1535
16504,N1,422.081,LRP418a,C,21.1473333333333,92.1574444444444
16505,N1,422.447,LRP418b,C,21.1441944444444,92.1586944444444
16508,N1,423.67,LRP420a,C,21.1378055555555,92.1670833333333
16510,N1,424.395,LRP420f,C,21.1369444444444,92.1737222222222
16511,N1,424.783,LRP421c,C,21.1354444444444,92.1770833333333
16513,N1,425.715,LRP422a,C,21.1321388888888,92.1845555555555
16514,N1,426.881,LRP423a,C,21.1242222222222,92.1918611111111
16515,N1,427.918,LRP424c,C,21.1166944444444,92.1968611111111
16518,N1,430.582,LRP427a,C,21.0972777777777,92.2106111111111
16520,N1,434.37,LRP430d,C,21.0669166666666,92.2246666666666
16521,N1,435.22,LRP431d,C,21.0592777777777,92.2264722222222
16524,N1,436.6,LRP433a,C,21.0514444444444,92.2325
16526,N1,437.484,LRP433d,C,21.0445833333333,92.2358055555555
16527,N1,437.961,LRP434a,C,21.0404166666666,92.2373333333333
16528,N1,438.506,LRP434b,C,21.0358888888888,92.2398055555555
16529,N1,439.007,LRP435a,C,21.0320277777777,92.2412777777777
16530,N1,439.235,LRP435b,C,21.0300833333333,92.2411111111111
16533,N1,444.315,LRP440a,C,20.9876944444444,92.2545
16535,N1,445.478,LRP441a,C,20.9775277777777,92.2506666666666
16537,N1,446.435,LRP442a,C,20.9696111111111,92.2486388888888
16542,N1,451.328,LRP447c,C,20.9296111111111,92.264
16544,N1,453.05,LRP449d,C,20.9155555555555,92.2706666666666
16553,N1,459.866,LRP456b,C,20.9672777777777,92.2983888888888
16554,N1,460.113,LRP456c,C,20.8645,92.2983611111111
16561,N2,31.279,LRP031f,C,23.8951111111111,90.67425
16567,N2,69.766,LRP070b,C,24.0563055555555,90.9745555555555
16568,N2,74.915,LRP074b,C,24.0362777777777,91.0158888888889
16570,N2,75.778,LRP075b,C,24.0364441,91.0158611
16573,N2,89.64,LRP090a,C,24.0542222222222,91.1504444444444
16576,N2,92.673,LRP093a,C,24.0462222222222,91.17725
16580,N2,96.192,LRP096c,C,24.0410555555555,91.2078611111111
16587,N2,116.61,LRP117d,C,24.1522777777777,91.3486388888888
16590,N2,144.413,LRP145c,C,24.2873055555555,91.5003611111111
16591,N2,159.851,LRP160d,C,24.4076944444444,91.565
16592,N2,165.246,LRP166b,C,24.4551388888888,91.5724444444444
16595,N2,191.19,LRP192a,C,24.6294166666666,91.6791944444444
16839,N102,11.966,LRP011b,C,23.5668888888888,91.0549999999999
16853,N102,59.655,LRP059b,C,23.8663333,91.1479997
16869,N104,44.384,LRP044b,C,22.8675,91.0969166666666
16924,N110,4.834,LRP004c,C,21.4183055555555,91.9828888888889
17177,N204,1.49,LRP001d,C,24.1397777777777,91.3513333333333
17185,N207,2.997,LRP002d,C,24.2935,91.5380555555555
17188,N207,30.81,LRP030d,C,24.3649722222222,91.7496944444444
17190,N207,37.234,LRP037b,C,24.4219444444444,91.7582777777777
17193,N207,61.245,LRP061c,C,24.5762493,91.6926941
20319,N1,386.07,LRP382c,D,21.4059722222222,92.0594444444444
20320,N1,397.591,LRP394a,D,21.318,92.0921111111111
20321,N1,400.46,LRP396b,D,21.2955,92.0994722222222
20322,N1,417.29,LRP413b,D,21.242333,92.1413608
20325,N1,424.577,LRP421a,D,21.1965552,92.1708604
20331,N1,453.372,LRP449f,D,20.9133611111111,92.2720833333333
